"","counts.top.90.TF","fc.abs.2fold"
"1",TRUE,TRUE
"2",TRUE,FALSE
"3",FALSE,FALSE
"4",TRUE,FALSE
"5",TRUE,FALSE
"6",TRUE,TRUE
"7",TRUE,FALSE
"8",TRUE,TRUE
"9",TRUE,FALSE
"10",TRUE,TRUE
"11",TRUE,TRUE
"12",TRUE,TRUE
"13",TRUE,FALSE
"14",TRUE,TRUE
"15",TRUE,TRUE
"16",TRUE,FALSE
"17",TRUE,FALSE
"18",TRUE,TRUE
"19",TRUE,FALSE
"20",TRUE,TRUE
"21",TRUE,FALSE
"22",TRUE,TRUE
"23",TRUE,FALSE
"24",TRUE,TRUE
"25",TRUE,TRUE
"26",TRUE,FALSE
"27",TRUE,TRUE
"28",TRUE,TRUE
"29",TRUE,TRUE
"30",FALSE,FALSE
"31",FALSE,FALSE
"32",FALSE,FALSE
"33",TRUE,TRUE
"34",TRUE,FALSE
"35",TRUE,TRUE
"36",TRUE,TRUE
"37",TRUE,TRUE
"38",TRUE,FALSE
"39",TRUE,FALSE
"40",TRUE,FALSE
"41",FALSE,FALSE
"42",TRUE,FALSE
"43",TRUE,TRUE
"44",TRUE,FALSE
"45",TRUE,TRUE
"46",TRUE,TRUE
"47",TRUE,FALSE
"48",TRUE,FALSE
"49",TRUE,TRUE
"50",TRUE,TRUE
"51",TRUE,FALSE
"52",TRUE,TRUE
"53",TRUE,TRUE
"54",TRUE,TRUE
"55",TRUE,FALSE
"56",TRUE,TRUE
"57",TRUE,TRUE
"58",TRUE,FALSE
"59",TRUE,FALSE
"60",TRUE,TRUE
"61",TRUE,FALSE
"62",TRUE,TRUE
"63",TRUE,FALSE
"64",TRUE,FALSE
"65",TRUE,TRUE
"66",TRUE,FALSE
"67",TRUE,TRUE
"68",TRUE,FALSE
"69",TRUE,TRUE
"70",TRUE,FALSE
"71",TRUE,TRUE
"72",TRUE,FALSE
"73",TRUE,FALSE
"74",TRUE,TRUE
"75",TRUE,FALSE
"76",TRUE,FALSE
"77",TRUE,TRUE
"78",TRUE,TRUE
"79",TRUE,TRUE
"80",TRUE,TRUE
"81",TRUE,FALSE
"82",TRUE,FALSE
"83",TRUE,FALSE
"84",TRUE,FALSE
"85",TRUE,TRUE
"86",TRUE,TRUE
"87",TRUE,FALSE
"88",TRUE,TRUE
"89",TRUE,FALSE
"90",TRUE,FALSE
"91",TRUE,FALSE
"92",TRUE,TRUE
"93",TRUE,FALSE
"94",TRUE,FALSE
"95",TRUE,FALSE
"96",TRUE,FALSE
"97",TRUE,TRUE
"98",TRUE,TRUE
"99",TRUE,FALSE
"100",TRUE,FALSE
"101",TRUE,TRUE
"102",TRUE,TRUE
"103",TRUE,TRUE
"104",TRUE,TRUE
"105",TRUE,TRUE
"106",TRUE,FALSE
"107",TRUE,FALSE
"108",TRUE,FALSE
"109",TRUE,FALSE
"110",TRUE,TRUE
"111",TRUE,FALSE
"112",TRUE,FALSE
"113",TRUE,TRUE
"114",TRUE,FALSE
"115",TRUE,FALSE
"116",TRUE,TRUE
"117",TRUE,FALSE
"118",TRUE,TRUE
"119",TRUE,TRUE
"120",TRUE,TRUE
"121",TRUE,TRUE
"122",TRUE,FALSE
"123",TRUE,TRUE
"124",TRUE,FALSE
"125",TRUE,FALSE
"126",TRUE,TRUE
"127",TRUE,FALSE
"128",TRUE,FALSE
"129",TRUE,TRUE
"130",TRUE,TRUE
"131",TRUE,FALSE
"132",TRUE,FALSE
"133",TRUE,FALSE
"134",TRUE,TRUE
"135",TRUE,FALSE
"136",TRUE,FALSE
"137",TRUE,FALSE
"138",FALSE,TRUE
"139",TRUE,FALSE
"140",TRUE,TRUE
"141",TRUE,FALSE
"142",TRUE,FALSE
"143",TRUE,TRUE
"144",TRUE,FALSE
"145",TRUE,FALSE
"146",TRUE,TRUE
"147",TRUE,TRUE
"148",TRUE,TRUE
"149",TRUE,TRUE
"150",TRUE,FALSE
"151",TRUE,FALSE
"152",TRUE,FALSE
"153",TRUE,FALSE
"154",TRUE,FALSE
"155",TRUE,TRUE
"156",TRUE,TRUE
"157",TRUE,FALSE
"158",TRUE,TRUE
"159",TRUE,FALSE
"160",TRUE,FALSE
"161",TRUE,TRUE
"162",TRUE,TRUE
"163",TRUE,FALSE
"164",TRUE,FALSE
"165",TRUE,TRUE
"166",TRUE,TRUE
"167",TRUE,TRUE
"168",TRUE,FALSE
"169",TRUE,TRUE
"170",TRUE,TRUE
"171",TRUE,FALSE
"172",TRUE,TRUE
"173",TRUE,TRUE
"174",TRUE,FALSE
"175",TRUE,FALSE
"176",TRUE,FALSE
"177",TRUE,TRUE
"178",TRUE,FALSE
"179",TRUE,TRUE
"180",TRUE,FALSE
"181",TRUE,FALSE
"182",TRUE,TRUE
"183",TRUE,TRUE
"184",TRUE,FALSE
"185",TRUE,FALSE
"186",TRUE,TRUE
"187",TRUE,FALSE
"188",TRUE,FALSE
"189",TRUE,FALSE
"190",TRUE,TRUE
"191",TRUE,FALSE
"192",TRUE,FALSE
"193",TRUE,TRUE
"194",TRUE,FALSE
"195",TRUE,FALSE
"196",TRUE,FALSE
"197",TRUE,FALSE
"198",TRUE,FALSE
"199",TRUE,FALSE
"200",TRUE,FALSE
"201",TRUE,TRUE
"202",TRUE,TRUE
"203",TRUE,FALSE
"204",TRUE,FALSE
"205",TRUE,TRUE
"206",TRUE,FALSE
"207",TRUE,TRUE
"208",TRUE,TRUE
"209",TRUE,TRUE
"210",FALSE,TRUE
"211",TRUE,TRUE
"212",TRUE,FALSE
"213",TRUE,FALSE
"214",TRUE,FALSE
"215",TRUE,TRUE
"216",TRUE,FALSE
"217",TRUE,FALSE
"218",TRUE,FALSE
"219",TRUE,FALSE
"220",TRUE,FALSE
"221",TRUE,FALSE
"222",TRUE,FALSE
"223",TRUE,TRUE
"224",FALSE,TRUE
"225",TRUE,FALSE
"226",TRUE,TRUE
"227",TRUE,TRUE
"228",TRUE,TRUE
"229",TRUE,TRUE
"230",TRUE,TRUE
"231",TRUE,TRUE
"232",TRUE,TRUE
"233",TRUE,FALSE
"234",TRUE,FALSE
"235",TRUE,FALSE
"236",TRUE,FALSE
"237",TRUE,TRUE
"238",TRUE,TRUE
"239",TRUE,FALSE
"240",TRUE,FALSE
"241",TRUE,TRUE
"242",TRUE,TRUE
"243",FALSE,TRUE
"244",TRUE,FALSE
"245",TRUE,FALSE
"246",TRUE,TRUE
"247",TRUE,FALSE
"248",TRUE,FALSE
"249",TRUE,TRUE
"250",TRUE,FALSE
"251",TRUE,FALSE
"252",TRUE,FALSE
"253",TRUE,FALSE
"254",TRUE,FALSE
"255",TRUE,FALSE
"256",TRUE,FALSE
"257",TRUE,FALSE
"258",TRUE,FALSE
"259",TRUE,TRUE
"260",TRUE,FALSE
"261",TRUE,TRUE
"262",TRUE,TRUE
"263",TRUE,FALSE
"264",TRUE,FALSE
"265",TRUE,FALSE
"266",TRUE,FALSE
"267",TRUE,TRUE
"268",TRUE,TRUE
"269",TRUE,TRUE
"270",TRUE,TRUE
"271",TRUE,TRUE
"272",TRUE,TRUE
"273",TRUE,TRUE
"274",TRUE,FALSE
"275",TRUE,TRUE
"276",TRUE,FALSE
"277",TRUE,FALSE
"278",TRUE,FALSE
"279",TRUE,FALSE
"280",TRUE,FALSE
"281",TRUE,TRUE
"282",TRUE,TRUE
"283",TRUE,TRUE
"284",TRUE,TRUE
"285",TRUE,FALSE
"286",TRUE,TRUE
"287",FALSE,TRUE
"288",TRUE,TRUE
"289",TRUE,FALSE
"290",TRUE,FALSE
"291",TRUE,TRUE
"292",TRUE,TRUE
"293",TRUE,TRUE
"294",TRUE,FALSE
"295",TRUE,FALSE
"296",TRUE,TRUE
"297",TRUE,FALSE
"298",TRUE,TRUE
"299",TRUE,FALSE
"300",TRUE,FALSE
"301",TRUE,FALSE
"302",TRUE,FALSE
"303",TRUE,FALSE
"304",TRUE,TRUE
"305",TRUE,FALSE
"306",TRUE,FALSE
"307",TRUE,TRUE
"308",TRUE,FALSE
"309",TRUE,FALSE
"310",TRUE,FALSE
"311",TRUE,FALSE
"312",TRUE,FALSE
"313",TRUE,FALSE
"314",TRUE,FALSE
"315",TRUE,FALSE
"316",TRUE,FALSE
"317",TRUE,FALSE
"318",TRUE,FALSE
"319",TRUE,FALSE
"320",TRUE,FALSE
"321",TRUE,FALSE
"322",TRUE,FALSE
"323",TRUE,TRUE
"324",TRUE,FALSE
"325",TRUE,FALSE
"326",TRUE,FALSE
"327",TRUE,TRUE
"328",TRUE,FALSE
"329",TRUE,FALSE
"330",TRUE,TRUE
"331",TRUE,TRUE
"332",TRUE,FALSE
"333",TRUE,TRUE
"334",TRUE,TRUE
"335",TRUE,FALSE
"336",FALSE,TRUE
"337",TRUE,TRUE
"338",TRUE,TRUE
"339",TRUE,TRUE
"340",TRUE,FALSE
"341",TRUE,FALSE
"342",TRUE,TRUE
"343",TRUE,FALSE
"344",TRUE,FALSE
"345",TRUE,TRUE
"346",TRUE,FALSE
"347",TRUE,TRUE
"348",TRUE,TRUE
"349",TRUE,FALSE
"350",TRUE,TRUE
"351",TRUE,FALSE
"352",TRUE,FALSE
"353",TRUE,FALSE
"354",TRUE,FALSE
"355",TRUE,FALSE
"356",TRUE,FALSE
"357",TRUE,FALSE
"358",TRUE,FALSE
"359",TRUE,FALSE
"360",TRUE,TRUE
"361",TRUE,FALSE
"362",TRUE,FALSE
"363",TRUE,FALSE
"364",TRUE,FALSE
"365",TRUE,TRUE
"366",TRUE,FALSE
"367",TRUE,FALSE
"368",TRUE,TRUE
"369",TRUE,FALSE
"370",TRUE,TRUE
"371",TRUE,TRUE
"372",FALSE,TRUE
"373",TRUE,TRUE
"374",TRUE,FALSE
"375",TRUE,TRUE
"376",TRUE,TRUE
"377",TRUE,FALSE
"378",TRUE,FALSE
"379",TRUE,FALSE
"380",FALSE,TRUE
"381",TRUE,TRUE
"382",TRUE,TRUE
"383",TRUE,TRUE
"384",TRUE,FALSE
"385",TRUE,TRUE
"386",TRUE,FALSE
"387",TRUE,TRUE
"388",TRUE,TRUE
"389",TRUE,TRUE
"390",TRUE,FALSE
"391",TRUE,FALSE
"392",TRUE,FALSE
"393",TRUE,TRUE
"394",TRUE,TRUE
"395",TRUE,FALSE
"396",TRUE,FALSE
"397",TRUE,FALSE
"398",TRUE,TRUE
"399",FALSE,TRUE
"400",TRUE,FALSE
"401",TRUE,FALSE
"402",TRUE,TRUE
"403",TRUE,TRUE
"404",TRUE,TRUE
"405",TRUE,TRUE
"406",TRUE,FALSE
"407",TRUE,TRUE
"408",TRUE,FALSE
"409",TRUE,TRUE
"410",TRUE,FALSE
"411",TRUE,FALSE
"412",TRUE,FALSE
"413",TRUE,FALSE
"414",TRUE,FALSE
"415",TRUE,TRUE
"416",TRUE,FALSE
"417",TRUE,FALSE
"418",TRUE,FALSE
"419",TRUE,TRUE
"420",TRUE,FALSE
"421",TRUE,FALSE
"422",TRUE,FALSE
"423",TRUE,FALSE
"424",TRUE,FALSE
"425",TRUE,FALSE
"426",TRUE,FALSE
"427",TRUE,TRUE
"428",TRUE,FALSE
"429",TRUE,TRUE
"430",TRUE,FALSE
"431",TRUE,TRUE
"432",TRUE,FALSE
"433",TRUE,TRUE
"434",TRUE,TRUE
"435",TRUE,TRUE
"436",TRUE,TRUE
"437",TRUE,TRUE
"438",TRUE,FALSE
"439",TRUE,TRUE
"440",TRUE,FALSE
"441",TRUE,FALSE
"442",TRUE,FALSE
"443",TRUE,FALSE
"444",TRUE,FALSE
"445",TRUE,FALSE
"446",TRUE,TRUE
"447",TRUE,FALSE
"448",TRUE,FALSE
"449",TRUE,FALSE
"450",TRUE,FALSE
"451",TRUE,FALSE
"452",TRUE,FALSE
"453",TRUE,TRUE
"454",TRUE,FALSE
"455",TRUE,TRUE
"456",TRUE,FALSE
"457",TRUE,FALSE
"458",TRUE,FALSE
"459",TRUE,FALSE
"460",TRUE,FALSE
"461",TRUE,FALSE
"462",TRUE,TRUE
"463",TRUE,TRUE
"464",TRUE,FALSE
"465",TRUE,TRUE
"466",TRUE,FALSE
"467",TRUE,TRUE
"468",TRUE,FALSE
"469",TRUE,TRUE
"470",TRUE,FALSE
"471",TRUE,FALSE
"472",TRUE,FALSE
"473",TRUE,FALSE
"474",TRUE,FALSE
"475",TRUE,FALSE
"476",TRUE,FALSE
"477",TRUE,TRUE
"478",TRUE,TRUE
"479",TRUE,FALSE
"480",TRUE,FALSE
"481",TRUE,TRUE
"482",TRUE,TRUE
"483",TRUE,FALSE
"484",TRUE,FALSE
"485",TRUE,TRUE
"486",TRUE,FALSE
"487",TRUE,FALSE
"488",TRUE,FALSE
"489",TRUE,FALSE
"490",TRUE,FALSE
"491",TRUE,FALSE
"492",TRUE,TRUE
"493",TRUE,FALSE
"494",FALSE,TRUE
"495",TRUE,TRUE
"496",TRUE,TRUE
"497",TRUE,TRUE
"498",TRUE,TRUE
"499",TRUE,TRUE
"500",TRUE,TRUE
"501",TRUE,TRUE
"502",TRUE,TRUE
"503",TRUE,FALSE
"504",TRUE,TRUE
"505",TRUE,TRUE
"506",TRUE,TRUE
"507",TRUE,TRUE
"508",TRUE,TRUE
"509",TRUE,FALSE
"510",TRUE,FALSE
"511",TRUE,FALSE
"512",TRUE,TRUE
"513",TRUE,TRUE
"514",TRUE,TRUE
"515",TRUE,FALSE
"516",TRUE,TRUE
"517",TRUE,FALSE
"518",TRUE,TRUE
"519",TRUE,FALSE
"520",TRUE,FALSE
"521",TRUE,FALSE
"522",TRUE,FALSE
"523",TRUE,FALSE
"524",TRUE,FALSE
"525",TRUE,TRUE
"526",TRUE,TRUE
"527",TRUE,FALSE
"528",TRUE,FALSE
"529",TRUE,FALSE
"530",TRUE,FALSE
"531",TRUE,TRUE
"532",TRUE,TRUE
"533",TRUE,TRUE
"534",TRUE,FALSE
"535",TRUE,FALSE
"536",TRUE,TRUE
"537",TRUE,FALSE
"538",TRUE,FALSE
"539",TRUE,TRUE
"540",TRUE,TRUE
"541",TRUE,TRUE
"542",TRUE,FALSE
"543",TRUE,FALSE
"544",TRUE,FALSE
"545",TRUE,TRUE
"546",TRUE,FALSE
"547",TRUE,FALSE
"548",TRUE,FALSE
"549",TRUE,TRUE
"550",TRUE,FALSE
"551",TRUE,TRUE
"552",FALSE,TRUE
"553",TRUE,TRUE
"554",TRUE,FALSE
"555",TRUE,FALSE
"556",TRUE,FALSE
"557",TRUE,FALSE
"558",TRUE,FALSE
"559",TRUE,TRUE
"560",TRUE,FALSE
"561",TRUE,TRUE
"562",TRUE,TRUE
"563",TRUE,TRUE
"564",TRUE,TRUE
"565",TRUE,TRUE
"566",TRUE,TRUE
"567",TRUE,TRUE
"568",TRUE,FALSE
"569",TRUE,FALSE
"570",TRUE,FALSE
"571",TRUE,FALSE
"572",TRUE,FALSE
"573",TRUE,FALSE
"574",TRUE,FALSE
"575",TRUE,FALSE
"576",TRUE,FALSE
"577",TRUE,FALSE
"578",FALSE,TRUE
"579",TRUE,TRUE
"580",FALSE,TRUE
"581",TRUE,FALSE
"582",TRUE,FALSE
"583",TRUE,TRUE
"584",TRUE,FALSE
"585",TRUE,FALSE
"586",TRUE,TRUE
"587",TRUE,FALSE
"588",TRUE,FALSE
"589",TRUE,FALSE
"590",TRUE,FALSE
"591",TRUE,FALSE
"592",TRUE,FALSE
"593",TRUE,FALSE
"594",TRUE,FALSE
"595",TRUE,TRUE
"596",TRUE,FALSE
"597",TRUE,FALSE
"598",TRUE,FALSE
"599",TRUE,FALSE
"600",TRUE,FALSE
"601",TRUE,FALSE
"602",TRUE,FALSE
"603",TRUE,FALSE
"604",TRUE,FALSE
"605",TRUE,TRUE
"606",TRUE,TRUE
"607",TRUE,TRUE
"608",TRUE,FALSE
"609",TRUE,FALSE
"610",TRUE,FALSE
"611",TRUE,FALSE
"612",TRUE,FALSE
"613",TRUE,FALSE
"614",TRUE,TRUE
"615",TRUE,FALSE
"616",TRUE,FALSE
"617",TRUE,FALSE
"618",TRUE,TRUE
"619",TRUE,TRUE
"620",TRUE,TRUE
"621",FALSE,FALSE
"622",FALSE,FALSE
"623",FALSE,FALSE
"624",TRUE,FALSE
"625",TRUE,FALSE
"626",TRUE,FALSE
"627",TRUE,FALSE
"628",TRUE,FALSE
"629",TRUE,FALSE
"630",TRUE,TRUE
"631",TRUE,FALSE
"632",TRUE,TRUE
"633",TRUE,FALSE
"634",TRUE,FALSE
"635",TRUE,FALSE
"636",FALSE,TRUE
"637",TRUE,TRUE
"638",TRUE,TRUE
"639",TRUE,TRUE
"640",TRUE,TRUE
"641",TRUE,TRUE
"642",FALSE,FALSE
"643",FALSE,TRUE
"644",TRUE,FALSE
"645",FALSE,TRUE
"646",TRUE,TRUE
"647",TRUE,TRUE
"648",TRUE,FALSE
"649",TRUE,TRUE
"650",TRUE,TRUE
"651",FALSE,TRUE
"652",FALSE,TRUE
"653",TRUE,FALSE
"654",TRUE,TRUE
"655",TRUE,FALSE
"656",FALSE,TRUE
"657",TRUE,FALSE
"658",TRUE,TRUE
"659",FALSE,FALSE
"660",TRUE,TRUE
"661",FALSE,FALSE
"662",FALSE,TRUE
"663",FALSE,FALSE
"664",FALSE,FALSE
"665",TRUE,TRUE
"666",FALSE,FALSE
"667",FALSE,FALSE
"668",FALSE,FALSE
"669",TRUE,TRUE
"670",FALSE,FALSE
"671",FALSE,TRUE
"672",FALSE,TRUE
"673",FALSE,FALSE
"674",FALSE,FALSE
"675",FALSE,TRUE
"676",FALSE,FALSE
"677",FALSE,FALSE
"678",FALSE,FALSE
"679",FALSE,FALSE
"680",FALSE,FALSE
"681",FALSE,FALSE
"682",FALSE,FALSE
"683",FALSE,FALSE
"684",TRUE,FALSE
"685",TRUE,FALSE
"686",TRUE,FALSE
"687",FALSE,FALSE
"688",FALSE,FALSE
"689",FALSE,FALSE
"690",FALSE,FALSE
"691",FALSE,FALSE
"692",TRUE,TRUE
"693",TRUE,TRUE
"694",FALSE,FALSE
"695",FALSE,FALSE
"696",FALSE,FALSE
"697",TRUE,TRUE
"698",FALSE,FALSE
"699",TRUE,TRUE
"700",FALSE,FALSE
"701",FALSE,FALSE
"702",FALSE,TRUE
"703",TRUE,TRUE
"704",FALSE,FALSE
"705",FALSE,FALSE
"706",FALSE,FALSE
"707",FALSE,FALSE
"708",FALSE,FALSE
"709",FALSE,FALSE
"710",FALSE,FALSE
"711",FALSE,FALSE
"712",FALSE,FALSE
"713",FALSE,FALSE
"714",FALSE,FALSE
"715",FALSE,FALSE
"716",FALSE,FALSE
"717",FALSE,FALSE
"718",FALSE,FALSE
"719",TRUE,TRUE
"720",TRUE,TRUE
"721",FALSE,TRUE
"722",FALSE,TRUE
"723",TRUE,FALSE
"724",TRUE,TRUE
"725",TRUE,FALSE
"726",TRUE,TRUE
"727",TRUE,FALSE
"728",TRUE,FALSE
"729",TRUE,TRUE
"730",TRUE,TRUE
"731",TRUE,TRUE
"732",TRUE,FALSE
"733",TRUE,FALSE
"734",TRUE,TRUE
"735",TRUE,FALSE
"736",TRUE,FALSE
"737",TRUE,FALSE
"738",TRUE,FALSE
"739",TRUE,FALSE
"740",TRUE,FALSE
"741",TRUE,FALSE
"742",TRUE,FALSE
"743",TRUE,FALSE
"744",FALSE,TRUE
"745",TRUE,FALSE
"746",TRUE,FALSE
"747",TRUE,TRUE
"748",TRUE,FALSE
"749",TRUE,FALSE
"750",TRUE,TRUE
"751",TRUE,FALSE
"752",TRUE,FALSE
"753",TRUE,TRUE
"754",TRUE,FALSE
"755",TRUE,FALSE
"756",TRUE,FALSE
"757",TRUE,TRUE
"758",TRUE,TRUE
"759",TRUE,FALSE
"760",TRUE,FALSE
"761",TRUE,FALSE
"762",TRUE,FALSE
"763",TRUE,FALSE
"764",TRUE,FALSE
"765",TRUE,FALSE
"766",TRUE,TRUE
"767",TRUE,FALSE
"768",TRUE,FALSE
"769",TRUE,FALSE
"770",TRUE,TRUE
"771",TRUE,TRUE
"772",TRUE,FALSE
"773",TRUE,FALSE
"774",TRUE,FALSE
"775",TRUE,FALSE
"776",TRUE,FALSE
"777",TRUE,TRUE
"778",TRUE,FALSE
"779",TRUE,FALSE
"780",TRUE,TRUE
"781",TRUE,FALSE
"782",TRUE,TRUE
"783",TRUE,FALSE
"784",TRUE,TRUE
"785",TRUE,FALSE
"786",TRUE,FALSE
"787",TRUE,FALSE
"788",TRUE,FALSE
"789",TRUE,TRUE
"790",TRUE,FALSE
"791",TRUE,FALSE
"792",TRUE,FALSE
"793",TRUE,TRUE
"794",TRUE,FALSE
"795",TRUE,FALSE
"796",TRUE,TRUE
"797",TRUE,FALSE
"798",TRUE,TRUE
"799",TRUE,TRUE
"800",TRUE,TRUE
"801",TRUE,TRUE
"802",FALSE,TRUE
"803",TRUE,FALSE
"804",TRUE,FALSE
"805",TRUE,FALSE
"806",TRUE,FALSE
"807",TRUE,FALSE
"808",TRUE,FALSE
"809",TRUE,FALSE
"810",TRUE,FALSE
"811",FALSE,FALSE
"812",FALSE,FALSE
"813",TRUE,TRUE
"814",TRUE,FALSE
"815",TRUE,FALSE
"816",TRUE,FALSE
"817",TRUE,TRUE
"818",TRUE,FALSE
"819",FALSE,FALSE
"820",TRUE,FALSE
"821",TRUE,FALSE
"822",TRUE,FALSE
"823",TRUE,FALSE
"824",TRUE,FALSE
"825",TRUE,FALSE
"826",TRUE,TRUE
"827",FALSE,TRUE
"828",FALSE,TRUE
"829",FALSE,FALSE
"830",FALSE,FALSE
"831",FALSE,TRUE
"832",TRUE,TRUE
"833",TRUE,TRUE
"834",TRUE,FALSE
"835",TRUE,FALSE
"836",TRUE,FALSE
"837",TRUE,FALSE
"838",TRUE,TRUE
"839",TRUE,FALSE
"840",TRUE,TRUE
"841",TRUE,TRUE
"842",FALSE,TRUE
"843",FALSE,TRUE
"844",FALSE,FALSE
"845",TRUE,FALSE
"846",TRUE,FALSE
"847",TRUE,FALSE
"848",FALSE,FALSE
"849",FALSE,TRUE
"850",TRUE,FALSE
"851",TRUE,FALSE
"852",TRUE,FALSE
"853",TRUE,FALSE
"854",TRUE,TRUE
"855",TRUE,FALSE
"856",TRUE,FALSE
"857",TRUE,FALSE
"858",TRUE,TRUE
"859",TRUE,TRUE
"860",TRUE,TRUE
"861",TRUE,TRUE
"862",TRUE,TRUE
"863",TRUE,FALSE
"864",TRUE,TRUE
"865",TRUE,TRUE
"866",TRUE,TRUE
"867",TRUE,FALSE
"868",TRUE,TRUE
"869",FALSE,TRUE
"870",FALSE,TRUE
"871",TRUE,FALSE
"872",TRUE,TRUE
"873",TRUE,TRUE
"874",FALSE,FALSE
"875",FALSE,TRUE
"876",FALSE,TRUE
"877",TRUE,FALSE
"878",TRUE,TRUE
"879",TRUE,FALSE
"880",TRUE,FALSE
"881",TRUE,FALSE
"882",TRUE,FALSE
"883",TRUE,FALSE
"884",TRUE,FALSE
"885",TRUE,FALSE
"886",TRUE,TRUE
"887",TRUE,FALSE
"888",TRUE,FALSE
"889",TRUE,FALSE
"890",TRUE,TRUE
"891",TRUE,TRUE
"892",TRUE,FALSE
"893",TRUE,TRUE
"894",TRUE,TRUE
"895",TRUE,TRUE
"896",TRUE,FALSE
"897",TRUE,FALSE
"898",TRUE,FALSE
"899",TRUE,FALSE
"900",TRUE,TRUE
"901",TRUE,FALSE
"902",TRUE,TRUE
"903",TRUE,FALSE
"904",TRUE,FALSE
"905",TRUE,FALSE
"906",TRUE,TRUE
"907",TRUE,FALSE
"908",TRUE,TRUE
"909",TRUE,FALSE
"910",TRUE,FALSE
"911",TRUE,FALSE
"912",TRUE,FALSE
"913",TRUE,FALSE
"914",TRUE,FALSE
"915",TRUE,TRUE
"916",TRUE,FALSE
"917",TRUE,FALSE
"918",TRUE,FALSE
"919",TRUE,TRUE
"920",TRUE,FALSE
"921",TRUE,FALSE
"922",TRUE,FALSE
"923",TRUE,TRUE
"924",TRUE,TRUE
"925",TRUE,TRUE
"926",TRUE,TRUE
"927",TRUE,FALSE
"928",TRUE,TRUE
"929",TRUE,TRUE
"930",TRUE,FALSE
"931",TRUE,TRUE
"932",TRUE,FALSE
"933",TRUE,FALSE
"934",TRUE,TRUE
"935",TRUE,TRUE
"936",TRUE,TRUE
"937",TRUE,TRUE
"938",TRUE,TRUE
"939",TRUE,FALSE
"940",TRUE,FALSE
"941",TRUE,FALSE
"942",TRUE,FALSE
"943",TRUE,TRUE
"944",TRUE,TRUE
"945",TRUE,FALSE
"946",TRUE,TRUE
"947",TRUE,TRUE
"948",TRUE,TRUE
"949",TRUE,FALSE
"950",TRUE,TRUE
"951",TRUE,TRUE
"952",TRUE,FALSE
"953",TRUE,FALSE
"954",TRUE,FALSE
"955",TRUE,FALSE
"956",TRUE,FALSE
"957",TRUE,FALSE
"958",TRUE,FALSE
"959",TRUE,FALSE
"960",TRUE,FALSE
"961",TRUE,TRUE
"962",TRUE,TRUE
"963",TRUE,FALSE
"964",TRUE,FALSE
"965",TRUE,TRUE
"966",TRUE,TRUE
"967",TRUE,TRUE
"968",TRUE,FALSE
"969",TRUE,TRUE
"970",TRUE,TRUE
"971",TRUE,TRUE
"972",TRUE,TRUE
"973",TRUE,FALSE
"974",TRUE,FALSE
"975",TRUE,FALSE
"976",TRUE,FALSE
"977",TRUE,FALSE
"978",TRUE,TRUE
"979",TRUE,TRUE
"980",TRUE,TRUE
"981",TRUE,FALSE
"982",TRUE,TRUE
"983",TRUE,TRUE
"984",TRUE,FALSE
"985",TRUE,TRUE
"986",TRUE,TRUE
"987",TRUE,FALSE
"988",TRUE,FALSE
"989",TRUE,TRUE
"990",TRUE,FALSE
"991",TRUE,FALSE
"992",TRUE,FALSE
"993",TRUE,FALSE
"994",TRUE,FALSE
"995",TRUE,FALSE
"996",TRUE,TRUE
"997",TRUE,TRUE
"998",TRUE,FALSE
"999",TRUE,FALSE
"1000",TRUE,FALSE
"1001",TRUE,TRUE
"1002",TRUE,FALSE
"1003",TRUE,FALSE
"1004",TRUE,FALSE
"1005",FALSE,TRUE
"1006",TRUE,FALSE
"1007",TRUE,FALSE
"1008",TRUE,FALSE
"1009",TRUE,FALSE
"1010",TRUE,FALSE
"1011",TRUE,TRUE
"1012",TRUE,FALSE
"1013",TRUE,TRUE
"1014",TRUE,FALSE
"1015",TRUE,FALSE
"1016",TRUE,FALSE
"1017",TRUE,FALSE
"1018",TRUE,FALSE
"1019",TRUE,FALSE
"1020",TRUE,FALSE
"1021",TRUE,FALSE
"1022",TRUE,FALSE
"1023",TRUE,FALSE
"1024",TRUE,FALSE
"1025",TRUE,FALSE
"1026",TRUE,FALSE
"1027",TRUE,TRUE
"1028",TRUE,FALSE
"1029",TRUE,TRUE
"1030",TRUE,FALSE
"1031",TRUE,TRUE
"1032",TRUE,FALSE
"1033",FALSE,TRUE
"1034",TRUE,TRUE
"1035",TRUE,FALSE
"1036",TRUE,TRUE
"1037",TRUE,FALSE
"1038",TRUE,FALSE
"1039",TRUE,FALSE
"1040",TRUE,FALSE
"1041",TRUE,TRUE
"1042",TRUE,TRUE
"1043",TRUE,TRUE
"1044",TRUE,TRUE
"1045",TRUE,FALSE
"1046",TRUE,TRUE
"1047",TRUE,TRUE
"1048",FALSE,TRUE
"1049",TRUE,TRUE
"1050",TRUE,TRUE
"1051",TRUE,TRUE
"1052",TRUE,TRUE
"1053",FALSE,TRUE
"1054",FALSE,FALSE
"1055",FALSE,TRUE
"1056",TRUE,TRUE
"1057",TRUE,TRUE
"1058",TRUE,FALSE
"1059",TRUE,FALSE
"1060",TRUE,TRUE
"1061",TRUE,FALSE
"1062",TRUE,TRUE
"1063",TRUE,FALSE
"1064",TRUE,TRUE
"1065",TRUE,TRUE
"1066",TRUE,TRUE
"1067",TRUE,FALSE
"1068",TRUE,TRUE
"1069",TRUE,FALSE
"1070",TRUE,TRUE
"1071",TRUE,FALSE
"1072",TRUE,FALSE
"1073",TRUE,TRUE
"1074",TRUE,TRUE
"1075",TRUE,TRUE
"1076",TRUE,FALSE
"1077",TRUE,TRUE
"1078",TRUE,TRUE
"1079",TRUE,FALSE
"1080",TRUE,FALSE
"1081",TRUE,FALSE
"1082",TRUE,FALSE
"1083",TRUE,FALSE
"1084",TRUE,TRUE
"1085",TRUE,FALSE
"1086",FALSE,TRUE
"1087",FALSE,TRUE
"1088",FALSE,TRUE
"1089",TRUE,TRUE
"1090",TRUE,TRUE
"1091",TRUE,TRUE
"1092",TRUE,TRUE
"1093",TRUE,FALSE
"1094",TRUE,FALSE
"1095",TRUE,FALSE
"1096",TRUE,FALSE
"1097",TRUE,FALSE
"1098",TRUE,TRUE
"1099",TRUE,TRUE
"1100",TRUE,TRUE
"1101",TRUE,FALSE
"1102",TRUE,TRUE
"1103",TRUE,TRUE
"1104",TRUE,TRUE
"1105",TRUE,FALSE
"1106",TRUE,FALSE
"1107",TRUE,TRUE
"1108",TRUE,TRUE
"1109",TRUE,TRUE
"1110",TRUE,TRUE
"1111",TRUE,TRUE
"1112",TRUE,TRUE
"1113",TRUE,FALSE
"1114",TRUE,TRUE
"1115",TRUE,TRUE
"1116",TRUE,TRUE
"1117",TRUE,FALSE
"1118",TRUE,TRUE
"1119",TRUE,TRUE
"1120",TRUE,FALSE
"1121",TRUE,FALSE
"1122",TRUE,FALSE
"1123",TRUE,TRUE
"1124",TRUE,TRUE
"1125",TRUE,TRUE
"1126",TRUE,TRUE
"1127",TRUE,TRUE
"1128",TRUE,TRUE
"1129",TRUE,TRUE
"1130",TRUE,TRUE
"1131",TRUE,TRUE
"1132",TRUE,TRUE
"1133",TRUE,FALSE
"1134",TRUE,TRUE
"1135",TRUE,TRUE
"1136",TRUE,TRUE
"1137",TRUE,TRUE
"1138",TRUE,FALSE
"1139",TRUE,TRUE
"1140",TRUE,TRUE
"1141",TRUE,FALSE
"1142",TRUE,FALSE
"1143",TRUE,FALSE
"1144",TRUE,FALSE
"1145",TRUE,TRUE
"1146",TRUE,TRUE
"1147",TRUE,TRUE
"1148",TRUE,TRUE
"1149",TRUE,FALSE
"1150",TRUE,FALSE
"1151",TRUE,FALSE
"1152",TRUE,TRUE
"1153",TRUE,FALSE
"1154",TRUE,FALSE
"1155",TRUE,TRUE
"1156",TRUE,TRUE
"1157",TRUE,TRUE
"1158",TRUE,TRUE
"1159",TRUE,TRUE
"1160",TRUE,TRUE
"1161",TRUE,FALSE
"1162",TRUE,FALSE
"1163",TRUE,FALSE
"1164",TRUE,TRUE
"1165",FALSE,TRUE
"1166",FALSE,FALSE
"1167",TRUE,FALSE
"1168",TRUE,FALSE
"1169",TRUE,FALSE
"1170",TRUE,TRUE
"1171",TRUE,FALSE
"1172",TRUE,FALSE
"1173",TRUE,FALSE
"1174",TRUE,FALSE
"1175",TRUE,FALSE
"1176",TRUE,TRUE
"1177",TRUE,FALSE
"1178",FALSE,TRUE
"1179",TRUE,TRUE
"1180",TRUE,TRUE
"1181",TRUE,FALSE
"1182",TRUE,FALSE
"1183",TRUE,TRUE
"1184",FALSE,FALSE
"1185",TRUE,FALSE
"1186",TRUE,FALSE
"1187",TRUE,FALSE
"1188",TRUE,TRUE
"1189",TRUE,FALSE
"1190",TRUE,TRUE
"1191",TRUE,FALSE
"1192",FALSE,FALSE
"1193",TRUE,FALSE
"1194",FALSE,TRUE
"1195",FALSE,TRUE
"1196",FALSE,TRUE
"1197",TRUE,TRUE
"1198",TRUE,TRUE
"1199",TRUE,TRUE
"1200",TRUE,TRUE
"1201",TRUE,TRUE
"1202",TRUE,TRUE
"1203",TRUE,FALSE
"1204",TRUE,TRUE
"1205",TRUE,TRUE
"1206",TRUE,FALSE
"1207",TRUE,FALSE
"1208",TRUE,FALSE
"1209",TRUE,FALSE
"1210",TRUE,FALSE
"1211",TRUE,FALSE
"1212",TRUE,FALSE
"1213",TRUE,FALSE
"1214",TRUE,FALSE
"1215",TRUE,FALSE
"1216",TRUE,TRUE
"1217",TRUE,FALSE
"1218",TRUE,FALSE
"1219",TRUE,TRUE
"1220",TRUE,FALSE
"1221",TRUE,FALSE
"1222",TRUE,FALSE
"1223",TRUE,TRUE
"1224",TRUE,FALSE
"1225",TRUE,FALSE
"1226",TRUE,FALSE
"1227",TRUE,FALSE
"1228",TRUE,FALSE
"1229",TRUE,FALSE
"1230",FALSE,TRUE
"1231",FALSE,TRUE
"1232",FALSE,TRUE
"1233",TRUE,TRUE
"1234",FALSE,TRUE
"1235",TRUE,TRUE
"1236",TRUE,FALSE
"1237",TRUE,TRUE
"1238",TRUE,FALSE
"1239",TRUE,FALSE
"1240",TRUE,FALSE
"1241",TRUE,TRUE
"1242",TRUE,FALSE
"1243",TRUE,FALSE
"1244",TRUE,TRUE
"1245",TRUE,TRUE
"1246",TRUE,TRUE
"1247",TRUE,TRUE
"1248",TRUE,TRUE
"1249",TRUE,TRUE
"1250",TRUE,TRUE
"1251",TRUE,TRUE
"1252",TRUE,TRUE
"1253",TRUE,FALSE
"1254",TRUE,TRUE
"1255",TRUE,FALSE
"1256",TRUE,FALSE
"1257",TRUE,FALSE
"1258",TRUE,TRUE
"1259",TRUE,TRUE
"1260",TRUE,TRUE
"1261",TRUE,TRUE
"1262",TRUE,TRUE
"1263",TRUE,FALSE
"1264",TRUE,FALSE
"1265",TRUE,TRUE
"1266",TRUE,FALSE
"1267",TRUE,FALSE
"1268",TRUE,FALSE
"1269",TRUE,TRUE
"1270",TRUE,FALSE
"1271",TRUE,FALSE
"1272",TRUE,FALSE
"1273",TRUE,FALSE
"1274",TRUE,FALSE
"1275",TRUE,FALSE
"1276",TRUE,FALSE
"1277",TRUE,FALSE
"1278",TRUE,FALSE
"1279",TRUE,FALSE
"1280",TRUE,FALSE
"1281",TRUE,TRUE
"1282",TRUE,TRUE
"1283",TRUE,FALSE
"1284",TRUE,FALSE
"1285",TRUE,FALSE
"1286",TRUE,FALSE
"1287",TRUE,TRUE
"1288",TRUE,FALSE
"1289",TRUE,FALSE
"1290",TRUE,FALSE
"1291",TRUE,FALSE
"1292",TRUE,FALSE
"1293",TRUE,FALSE
"1294",TRUE,TRUE
"1295",TRUE,FALSE
"1296",TRUE,FALSE
"1297",TRUE,FALSE
"1298",TRUE,FALSE
"1299",TRUE,TRUE
"1300",FALSE,TRUE
"1301",FALSE,FALSE
"1302",TRUE,TRUE
"1303",TRUE,FALSE
"1304",TRUE,FALSE
"1305",TRUE,TRUE
"1306",TRUE,TRUE
"1307",TRUE,TRUE
"1308",TRUE,FALSE
"1309",TRUE,FALSE
"1310",TRUE,TRUE
"1311",TRUE,FALSE
"1312",TRUE,FALSE
"1313",TRUE,TRUE
"1314",TRUE,TRUE
"1315",TRUE,FALSE
"1316",TRUE,FALSE
"1317",TRUE,TRUE
"1318",TRUE,FALSE
"1319",TRUE,FALSE
"1320",TRUE,FALSE
"1321",TRUE,FALSE
"1322",TRUE,FALSE
"1323",TRUE,FALSE
"1324",TRUE,TRUE
"1325",TRUE,TRUE
"1326",TRUE,TRUE
"1327",TRUE,FALSE
"1328",TRUE,FALSE
"1329",TRUE,TRUE
"1330",TRUE,FALSE
"1331",TRUE,FALSE
"1332",TRUE,FALSE
"1333",TRUE,FALSE
"1334",TRUE,FALSE
"1335",TRUE,FALSE
"1336",TRUE,TRUE
"1337",TRUE,FALSE
"1338",FALSE,TRUE
"1339",FALSE,TRUE
"1340",TRUE,TRUE
"1341",TRUE,TRUE
"1342",TRUE,TRUE
"1343",TRUE,TRUE
"1344",TRUE,TRUE
"1345",TRUE,TRUE
"1346",TRUE,TRUE
"1347",TRUE,TRUE
"1348",TRUE,TRUE
"1349",TRUE,TRUE
"1350",TRUE,FALSE
"1351",TRUE,TRUE
"1352",TRUE,TRUE
"1353",TRUE,FALSE
"1354",TRUE,FALSE
"1355",TRUE,TRUE
"1356",TRUE,TRUE
"1357",TRUE,TRUE
"1358",TRUE,FALSE
"1359",TRUE,FALSE
"1360",TRUE,TRUE
"1361",TRUE,FALSE
"1362",TRUE,TRUE
"1363",TRUE,FALSE
"1364",TRUE,TRUE
"1365",TRUE,TRUE
"1366",TRUE,TRUE
"1367",TRUE,TRUE
"1368",FALSE,FALSE
"1369",TRUE,TRUE
"1370",TRUE,TRUE
"1371",FALSE,FALSE
"1372",TRUE,FALSE
"1373",TRUE,TRUE
"1374",TRUE,FALSE
"1375",TRUE,FALSE
"1376",TRUE,TRUE
"1377",TRUE,TRUE
"1378",TRUE,TRUE
"1379",TRUE,TRUE
"1380",TRUE,TRUE
"1381",FALSE,TRUE
"1382",FALSE,TRUE
"1383",TRUE,TRUE
"1384",TRUE,TRUE
"1385",TRUE,TRUE
"1386",TRUE,TRUE
"1387",FALSE,TRUE
"1388",FALSE,TRUE
"1389",FALSE,TRUE
"1390",TRUE,TRUE
"1391",FALSE,FALSE
"1392",TRUE,TRUE
"1393",FALSE,TRUE
"1394",TRUE,TRUE
"1395",FALSE,TRUE
"1396",FALSE,TRUE
"1397",TRUE,TRUE
"1398",TRUE,TRUE
"1399",FALSE,FALSE
"1400",TRUE,FALSE
"1401",FALSE,TRUE
"1402",FALSE,TRUE
"1403",FALSE,FALSE
"1404",TRUE,TRUE
"1405",FALSE,FALSE
"1406",TRUE,TRUE
"1407",FALSE,FALSE
"1408",TRUE,TRUE
"1409",TRUE,TRUE
"1410",TRUE,TRUE
"1411",TRUE,TRUE
"1412",FALSE,TRUE
"1413",TRUE,FALSE
"1414",FALSE,TRUE
"1415",FALSE,FALSE
"1416",FALSE,FALSE
"1417",FALSE,TRUE
"1418",TRUE,FALSE
"1419",TRUE,FALSE
"1420",TRUE,FALSE
"1421",FALSE,TRUE
"1422",TRUE,TRUE
"1423",TRUE,TRUE
"1424",TRUE,TRUE
"1425",FALSE,TRUE
"1426",TRUE,TRUE
"1427",TRUE,TRUE
"1428",TRUE,FALSE
"1429",TRUE,FALSE
"1430",TRUE,TRUE
"1431",TRUE,TRUE
"1432",TRUE,FALSE
"1433",TRUE,TRUE
"1434",TRUE,TRUE
"1435",TRUE,TRUE
"1436",TRUE,TRUE
"1437",TRUE,TRUE
"1438",TRUE,FALSE
"1439",TRUE,TRUE
"1440",TRUE,TRUE
"1441",FALSE,FALSE
"1442",TRUE,TRUE
"1443",TRUE,FALSE
"1444",TRUE,TRUE
"1445",TRUE,FALSE
"1446",TRUE,TRUE
"1447",TRUE,TRUE
"1448",TRUE,TRUE
"1449",TRUE,TRUE
"1450",TRUE,TRUE
"1451",FALSE,TRUE
"1452",FALSE,TRUE
"1453",FALSE,FALSE
"1454",TRUE,FALSE
"1455",TRUE,TRUE
"1456",TRUE,TRUE
"1457",TRUE,FALSE
"1458",TRUE,FALSE
"1459",FALSE,FALSE
"1460",TRUE,TRUE
"1461",TRUE,TRUE
"1462",TRUE,TRUE
"1463",FALSE,TRUE
"1464",FALSE,TRUE
"1465",FALSE,TRUE
"1466",TRUE,FALSE
"1467",TRUE,TRUE
"1468",TRUE,TRUE
"1469",FALSE,TRUE
"1470",TRUE,TRUE
"1471",FALSE,FALSE
"1472",TRUE,TRUE
"1473",FALSE,TRUE
"1474",FALSE,TRUE
"1475",TRUE,TRUE
"1476",TRUE,TRUE
"1477",FALSE,TRUE
"1478",FALSE,TRUE
"1479",TRUE,TRUE
"1480",FALSE,FALSE
"1481",TRUE,TRUE
"1482",FALSE,FALSE
"1483",TRUE,TRUE
"1484",TRUE,TRUE
"1485",TRUE,FALSE
"1486",TRUE,FALSE
"1487",TRUE,TRUE
"1488",TRUE,TRUE
"1489",TRUE,TRUE
"1490",TRUE,TRUE
"1491",TRUE,FALSE
"1492",TRUE,TRUE
"1493",FALSE,FALSE
"1494",FALSE,FALSE
"1495",FALSE,FALSE
"1496",FALSE,FALSE
"1497",FALSE,TRUE
"1498",FALSE,TRUE
"1499",TRUE,FALSE
"1500",FALSE,FALSE
"1501",TRUE,TRUE
"1502",TRUE,FALSE
"1503",FALSE,TRUE
"1504",TRUE,TRUE
"1505",TRUE,TRUE
"1506",FALSE,FALSE
"1507",FALSE,FALSE
"1508",FALSE,FALSE
"1509",FALSE,FALSE
"1510",TRUE,TRUE
"1511",TRUE,TRUE
"1512",TRUE,FALSE
"1513",FALSE,FALSE
"1514",TRUE,TRUE
"1515",FALSE,FALSE
"1516",FALSE,FALSE
"1517",FALSE,FALSE
"1518",FALSE,FALSE
"1519",FALSE,FALSE
"1520",FALSE,FALSE
"1521",TRUE,TRUE
"1522",FALSE,TRUE
"1523",FALSE,TRUE
"1524",TRUE,FALSE
"1525",TRUE,TRUE
"1526",TRUE,TRUE
"1527",TRUE,TRUE
"1528",FALSE,FALSE
"1529",FALSE,FALSE
"1530",FALSE,FALSE
"1531",FALSE,FALSE
"1532",TRUE,FALSE
"1533",FALSE,FALSE
"1534",FALSE,FALSE
"1535",FALSE,FALSE
"1536",FALSE,FALSE
"1537",FALSE,TRUE
"1538",FALSE,FALSE
"1539",TRUE,TRUE
"1540",FALSE,FALSE
"1541",TRUE,TRUE
"1542",TRUE,TRUE
"1543",TRUE,TRUE
"1544",TRUE,FALSE
"1545",FALSE,TRUE
"1546",TRUE,TRUE
"1547",FALSE,TRUE
"1548",FALSE,FALSE
"1549",TRUE,FALSE
"1550",TRUE,TRUE
"1551",TRUE,TRUE
"1552",TRUE,TRUE
"1553",TRUE,TRUE
"1554",TRUE,TRUE
"1555",TRUE,TRUE
"1556",TRUE,TRUE
"1557",FALSE,FALSE
"1558",TRUE,TRUE
"1559",TRUE,TRUE
"1560",FALSE,TRUE
"1561",TRUE,TRUE
"1562",TRUE,TRUE
"1563",FALSE,FALSE
"1564",FALSE,FALSE
"1565",FALSE,FALSE
"1566",FALSE,FALSE
"1567",TRUE,TRUE
"1568",FALSE,FALSE
"1569",FALSE,FALSE
"1570",FALSE,TRUE
"1571",TRUE,TRUE
"1572",FALSE,FALSE
"1573",TRUE,FALSE
"1574",TRUE,TRUE
"1575",FALSE,FALSE
"1576",TRUE,TRUE
"1577",FALSE,FALSE
"1578",FALSE,FALSE
"1579",FALSE,FALSE
"1580",FALSE,FALSE
"1581",TRUE,TRUE
"1582",FALSE,FALSE
"1583",TRUE,TRUE
"1584",TRUE,TRUE
"1585",TRUE,TRUE
"1586",TRUE,TRUE
"1587",TRUE,TRUE
"1588",TRUE,TRUE
"1589",TRUE,FALSE
"1590",TRUE,TRUE
"1591",TRUE,TRUE
"1592",TRUE,TRUE
"1593",TRUE,TRUE
"1594",FALSE,FALSE
"1595",TRUE,TRUE
"1596",FALSE,FALSE
"1597",TRUE,TRUE
"1598",TRUE,TRUE
"1599",TRUE,TRUE
"1600",FALSE,FALSE
"1601",FALSE,FALSE
"1602",FALSE,TRUE
"1603",FALSE,FALSE
"1604",FALSE,FALSE
"1605",TRUE,TRUE
"1606",TRUE,TRUE
"1607",TRUE,TRUE
"1608",TRUE,TRUE
"1609",FALSE,FALSE
"1610",FALSE,FALSE
"1611",FALSE,TRUE
"1612",FALSE,TRUE
"1613",TRUE,TRUE
"1614",FALSE,FALSE
"1615",FALSE,FALSE
"1616",FALSE,FALSE
"1617",FALSE,FALSE
"1618",TRUE,TRUE
"1619",TRUE,TRUE
"1620",TRUE,FALSE
"1621",TRUE,TRUE
"1622",FALSE,FALSE
"1623",TRUE,TRUE
"1624",FALSE,TRUE
"1625",TRUE,TRUE
"1626",TRUE,TRUE
"1627",FALSE,TRUE
"1628",FALSE,FALSE
"1629",TRUE,TRUE
"1630",FALSE,TRUE
"1631",TRUE,TRUE
"1632",FALSE,FALSE
"1633",FALSE,FALSE
"1634",FALSE,FALSE
"1635",FALSE,FALSE
"1636",FALSE,TRUE
"1637",FALSE,FALSE
"1638",FALSE,FALSE
"1639",TRUE,TRUE
"1640",TRUE,TRUE
"1641",TRUE,TRUE
"1642",TRUE,FALSE
"1643",FALSE,TRUE
"1644",TRUE,TRUE
"1645",FALSE,TRUE
"1646",TRUE,FALSE
"1647",TRUE,TRUE
"1648",TRUE,TRUE
"1649",TRUE,TRUE
"1650",TRUE,TRUE
"1651",TRUE,TRUE
"1652",TRUE,TRUE
"1653",TRUE,TRUE
"1654",FALSE,FALSE
"1655",TRUE,TRUE
"1656",FALSE,TRUE
"1657",TRUE,TRUE
"1658",TRUE,TRUE
"1659",FALSE,FALSE
"1660",FALSE,FALSE
"1661",FALSE,FALSE
"1662",FALSE,FALSE
"1663",TRUE,TRUE
"1664",FALSE,FALSE
"1665",FALSE,FALSE
"1666",TRUE,TRUE
"1667",FALSE,FALSE
"1668",TRUE,FALSE
"1669",TRUE,TRUE
"1670",FALSE,FALSE
"1671",TRUE,TRUE
"1672",FALSE,FALSE
"1673",FALSE,FALSE
"1674",FALSE,FALSE
"1675",FALSE,FALSE
"1676",FALSE,FALSE
"1677",TRUE,TRUE
"1678",TRUE,TRUE
"1679",TRUE,TRUE
"1680",TRUE,TRUE
"1681",TRUE,TRUE
"1682",TRUE,TRUE
"1683",TRUE,FALSE
"1684",TRUE,TRUE
"1685",TRUE,TRUE
"1686",TRUE,TRUE
"1687",FALSE,FALSE
"1688",TRUE,TRUE
"1689",FALSE,FALSE
"1690",TRUE,TRUE
"1691",TRUE,TRUE
"1692",TRUE,TRUE
"1693",FALSE,FALSE
"1694",FALSE,FALSE
"1695",FALSE,FALSE
"1696",FALSE,FALSE
"1697",TRUE,TRUE
"1698",TRUE,TRUE
"1699",TRUE,TRUE
"1700",TRUE,TRUE
"1701",FALSE,FALSE
"1702",FALSE,TRUE
"1703",FALSE,TRUE
"1704",TRUE,TRUE
"1705",FALSE,FALSE
"1706",FALSE,FALSE
"1707",FALSE,FALSE
"1708",FALSE,FALSE
"1709",TRUE,TRUE
"1710",TRUE,TRUE
"1711",FALSE,FALSE
"1712",FALSE,FALSE
"1713",FALSE,FALSE
"1714",FALSE,FALSE
"1715",FALSE,TRUE
"1716",FALSE,TRUE
"1717",TRUE,FALSE
"1718",FALSE,FALSE
"1719",TRUE,TRUE
"1720",TRUE,FALSE
"1721",TRUE,TRUE
"1722",TRUE,TRUE
"1723",FALSE,FALSE
"1724",FALSE,FALSE
"1725",FALSE,FALSE
"1726",FALSE,FALSE
"1727",TRUE,TRUE
"1728",TRUE,TRUE
"1729",TRUE,FALSE
"1730",FALSE,FALSE
"1731",TRUE,TRUE
"1732",FALSE,FALSE
"1733",FALSE,FALSE
"1734",FALSE,FALSE
"1735",FALSE,FALSE
"1736",FALSE,FALSE
"1737",FALSE,FALSE
"1738",FALSE,TRUE
"1739",FALSE,TRUE
"1740",TRUE,FALSE
"1741",TRUE,TRUE
"1742",TRUE,TRUE
"1743",TRUE,TRUE
"1744",FALSE,FALSE
"1745",FALSE,FALSE
"1746",FALSE,FALSE
"1747",TRUE,FALSE
"1748",FALSE,FALSE
"1749",FALSE,TRUE
"1750",TRUE,TRUE
"1751",TRUE,FALSE
"1752",TRUE,TRUE
"1753",TRUE,TRUE
"1754",TRUE,FALSE
"1755",TRUE,TRUE
"1756",TRUE,TRUE
"1757",TRUE,TRUE
"1758",TRUE,TRUE
"1759",TRUE,TRUE
"1760",TRUE,FALSE
"1761",TRUE,TRUE
"1762",TRUE,TRUE
"1763",TRUE,FALSE
"1764",TRUE,TRUE
"1765",TRUE,TRUE
"1766",TRUE,FALSE
"1767",TRUE,TRUE
"1768",TRUE,TRUE
"1769",TRUE,TRUE
"1770",TRUE,FALSE
"1771",TRUE,TRUE
"1772",TRUE,FALSE
"1773",TRUE,FALSE
"1774",TRUE,TRUE
"1775",TRUE,TRUE
"1776",TRUE,FALSE
"1777",TRUE,TRUE
"1778",TRUE,FALSE
"1779",TRUE,TRUE
"1780",TRUE,FALSE
"1781",TRUE,TRUE
"1782",TRUE,FALSE
"1783",TRUE,FALSE
"1784",TRUE,TRUE
"1785",TRUE,TRUE
"1786",TRUE,FALSE
"1787",TRUE,FALSE
"1788",TRUE,FALSE
"1789",TRUE,TRUE
"1790",TRUE,TRUE
"1791",TRUE,FALSE
"1792",TRUE,FALSE
"1793",TRUE,TRUE
"1794",TRUE,TRUE
"1795",TRUE,TRUE
"1796",TRUE,FALSE
"1797",TRUE,FALSE
"1798",TRUE,FALSE
"1799",TRUE,FALSE
"1800",TRUE,TRUE
"1801",TRUE,FALSE
"1802",TRUE,FALSE
"1803",TRUE,FALSE
"1804",TRUE,FALSE
"1805",FALSE,TRUE
"1806",TRUE,FALSE
"1807",TRUE,FALSE
"1808",FALSE,TRUE
"1809",TRUE,TRUE
"1810",TRUE,TRUE
"1811",TRUE,TRUE
"1812",TRUE,TRUE
"1813",TRUE,FALSE
"1814",TRUE,FALSE
"1815",TRUE,FALSE
"1816",TRUE,TRUE
"1817",TRUE,TRUE
"1818",TRUE,TRUE
"1819",TRUE,TRUE
"1820",TRUE,TRUE
"1821",TRUE,FALSE
"1822",TRUE,TRUE
"1823",TRUE,FALSE
"1824",TRUE,FALSE
"1825",TRUE,FALSE
"1826",TRUE,FALSE
"1827",TRUE,TRUE
"1828",TRUE,TRUE
"1829",TRUE,FALSE
"1830",TRUE,FALSE
"1831",TRUE,FALSE
"1832",TRUE,FALSE
"1833",TRUE,FALSE
"1834",TRUE,TRUE
"1835",TRUE,TRUE
"1836",TRUE,FALSE
"1837",TRUE,FALSE
"1838",TRUE,FALSE
"1839",TRUE,TRUE
"1840",TRUE,FALSE
"1841",TRUE,TRUE
"1842",TRUE,FALSE
"1843",TRUE,FALSE
"1844",TRUE,FALSE
"1845",TRUE,TRUE
"1846",TRUE,TRUE
"1847",TRUE,TRUE
"1848",TRUE,TRUE
"1849",TRUE,FALSE
"1850",TRUE,TRUE
"1851",FALSE,TRUE
"1852",TRUE,FALSE
"1853",TRUE,TRUE
"1854",TRUE,FALSE
"1855",TRUE,TRUE
"1856",TRUE,FALSE
"1857",TRUE,FALSE
"1858",TRUE,FALSE
"1859",TRUE,FALSE
"1860",TRUE,FALSE
"1861",TRUE,FALSE
"1862",TRUE,FALSE
"1863",TRUE,TRUE
"1864",TRUE,FALSE
"1865",TRUE,TRUE
"1866",TRUE,FALSE
"1867",TRUE,FALSE
"1868",FALSE,TRUE
"1869",TRUE,FALSE
"1870",TRUE,TRUE
"1871",TRUE,TRUE
"1872",FALSE,FALSE
"1873",TRUE,TRUE
"1874",TRUE,TRUE
"1875",TRUE,TRUE
"1876",TRUE,TRUE
"1877",TRUE,FALSE
"1878",TRUE,FALSE
"1879",TRUE,FALSE
"1880",TRUE,FALSE
"1881",TRUE,FALSE
"1882",TRUE,TRUE
"1883",TRUE,TRUE
"1884",TRUE,FALSE
"1885",TRUE,FALSE
"1886",TRUE,TRUE
"1887",TRUE,FALSE
"1888",TRUE,TRUE
"1889",TRUE,FALSE
"1890",TRUE,FALSE
"1891",TRUE,TRUE
"1892",TRUE,FALSE
"1893",TRUE,FALSE
"1894",TRUE,TRUE
"1895",TRUE,FALSE
"1896",TRUE,FALSE
"1897",TRUE,FALSE
"1898",TRUE,FALSE
"1899",TRUE,FALSE
"1900",TRUE,TRUE
"1901",TRUE,TRUE
"1902",TRUE,FALSE
"1903",TRUE,FALSE
"1904",TRUE,FALSE
"1905",TRUE,TRUE
"1906",TRUE,FALSE
"1907",TRUE,TRUE
"1908",TRUE,FALSE
"1909",TRUE,TRUE
"1910",TRUE,FALSE
"1911",TRUE,FALSE
"1912",TRUE,FALSE
"1913",TRUE,TRUE
"1914",TRUE,FALSE
"1915",TRUE,FALSE
"1916",TRUE,FALSE
"1917",TRUE,FALSE
"1918",TRUE,FALSE
"1919",TRUE,FALSE
"1920",TRUE,FALSE
"1921",TRUE,TRUE
"1922",TRUE,FALSE
"1923",TRUE,TRUE
"1924",TRUE,FALSE
"1925",TRUE,FALSE
"1926",TRUE,FALSE
"1927",TRUE,FALSE
"1928",TRUE,FALSE
"1929",TRUE,FALSE
"1930",TRUE,FALSE
"1931",TRUE,FALSE
"1932",TRUE,FALSE
"1933",TRUE,FALSE
"1934",TRUE,FALSE
"1935",TRUE,FALSE
"1936",TRUE,FALSE
"1937",TRUE,FALSE
"1938",TRUE,TRUE
"1939",TRUE,FALSE
"1940",TRUE,TRUE
"1941",TRUE,FALSE
"1942",TRUE,TRUE
"1943",TRUE,FALSE
"1944",TRUE,FALSE
"1945",TRUE,TRUE
"1946",TRUE,FALSE
"1947",TRUE,FALSE
"1948",TRUE,FALSE
"1949",TRUE,TRUE
"1950",TRUE,FALSE
"1951",TRUE,FALSE
"1952",TRUE,FALSE
"1953",TRUE,TRUE
"1954",TRUE,FALSE
"1955",TRUE,FALSE
"1956",TRUE,TRUE
"1957",TRUE,TRUE
"1958",TRUE,TRUE
"1959",TRUE,TRUE
"1960",TRUE,TRUE
"1961",TRUE,TRUE
"1962",TRUE,FALSE
"1963",TRUE,FALSE
"1964",TRUE,FALSE
"1965",TRUE,FALSE
"1966",TRUE,FALSE
"1967",TRUE,TRUE
"1968",TRUE,TRUE
"1969",TRUE,FALSE
"1970",TRUE,FALSE
"1971",TRUE,TRUE
"1972",TRUE,FALSE
"1973",FALSE,FALSE
"1974",TRUE,FALSE
"1975",FALSE,FALSE
"1976",FALSE,TRUE
"1977",TRUE,FALSE
"1978",TRUE,FALSE
"1979",FALSE,TRUE
"1980",TRUE,FALSE
"1981",TRUE,TRUE
"1982",TRUE,TRUE
"1983",FALSE,FALSE
"1984",FALSE,FALSE
"1985",FALSE,TRUE
"1986",TRUE,TRUE
"1987",TRUE,TRUE
"1988",TRUE,FALSE
"1989",TRUE,TRUE
"1990",TRUE,FALSE
"1991",TRUE,FALSE
"1992",TRUE,TRUE
"1993",TRUE,TRUE
"1994",TRUE,TRUE
"1995",TRUE,FALSE
"1996",FALSE,FALSE
"1997",FALSE,TRUE
"1998",FALSE,FALSE
"1999",FALSE,FALSE
"2000",FALSE,FALSE
"2001",FALSE,FALSE
"2002",TRUE,TRUE
"2003",FALSE,FALSE
"2004",FALSE,FALSE
"2005",FALSE,FALSE
"2006",FALSE,FALSE
"2007",FALSE,TRUE
"2008",TRUE,FALSE
"2009",TRUE,TRUE
"2010",TRUE,TRUE
"2011",TRUE,TRUE
"2012",TRUE,TRUE
"2013",TRUE,TRUE
"2014",TRUE,FALSE
"2015",TRUE,TRUE
"2016",TRUE,TRUE
"2017",TRUE,FALSE
"2018",TRUE,TRUE
"2019",TRUE,TRUE
"2020",TRUE,FALSE
"2021",TRUE,FALSE
"2022",TRUE,TRUE
"2023",TRUE,FALSE
"2024",TRUE,TRUE
"2025",TRUE,TRUE
"2026",TRUE,FALSE
"2027",TRUE,TRUE
"2028",TRUE,FALSE
"2029",TRUE,FALSE
"2030",TRUE,FALSE
"2031",TRUE,FALSE
"2032",TRUE,TRUE
"2033",TRUE,FALSE
"2034",TRUE,TRUE
"2035",TRUE,FALSE
"2036",TRUE,FALSE
"2037",TRUE,TRUE
"2038",TRUE,TRUE
"2039",TRUE,FALSE
"2040",TRUE,FALSE
"2041",TRUE,FALSE
"2042",TRUE,FALSE
"2043",TRUE,FALSE
"2044",TRUE,FALSE
"2045",TRUE,TRUE
"2046",TRUE,TRUE
"2047",TRUE,TRUE
"2048",TRUE,TRUE
"2049",TRUE,TRUE
"2050",TRUE,TRUE
"2051",TRUE,TRUE
"2052",FALSE,TRUE
"2053",TRUE,TRUE
"2054",TRUE,TRUE
"2055",TRUE,TRUE
"2056",TRUE,FALSE
"2057",TRUE,TRUE
"2058",TRUE,FALSE
"2059",TRUE,TRUE
"2060",TRUE,FALSE
"2061",TRUE,FALSE
"2062",TRUE,FALSE
"2063",TRUE,FALSE
"2064",TRUE,FALSE
"2065",TRUE,TRUE
"2066",TRUE,FALSE
"2067",TRUE,FALSE
"2068",TRUE,FALSE
"2069",TRUE,TRUE
"2070",TRUE,FALSE
"2071",TRUE,FALSE
"2072",TRUE,FALSE
"2073",TRUE,FALSE
"2074",TRUE,FALSE
"2075",TRUE,TRUE
"2076",TRUE,FALSE
"2077",TRUE,FALSE
"2078",TRUE,TRUE
"2079",TRUE,FALSE
"2080",TRUE,FALSE
"2081",FALSE,TRUE
"2082",FALSE,TRUE
"2083",TRUE,FALSE
"2084",TRUE,TRUE
"2085",TRUE,FALSE
"2086",TRUE,FALSE
"2087",TRUE,FALSE
"2088",TRUE,FALSE
"2089",TRUE,FALSE
"2090",TRUE,FALSE
"2091",TRUE,FALSE
"2092",TRUE,FALSE
"2093",TRUE,FALSE
"2094",TRUE,TRUE
"2095",TRUE,FALSE
"2096",TRUE,FALSE
"2097",TRUE,FALSE
"2098",TRUE,TRUE
"2099",TRUE,FALSE
"2100",TRUE,TRUE
"2101",TRUE,FALSE
"2102",TRUE,FALSE
"2103",TRUE,TRUE
"2104",TRUE,FALSE
"2105",TRUE,FALSE
"2106",TRUE,TRUE
"2107",TRUE,FALSE
"2108",TRUE,FALSE
"2109",TRUE,FALSE
"2110",TRUE,FALSE
"2111",TRUE,FALSE
"2112",TRUE,TRUE
"2113",TRUE,FALSE
"2114",TRUE,FALSE
"2115",TRUE,FALSE
"2116",TRUE,FALSE
"2117",TRUE,TRUE
"2118",TRUE,TRUE
"2119",TRUE,TRUE
"2120",TRUE,TRUE
"2121",TRUE,TRUE
"2122",TRUE,FALSE
"2123",TRUE,FALSE
"2124",TRUE,FALSE
"2125",TRUE,TRUE
"2126",TRUE,FALSE
"2127",TRUE,FALSE
"2128",TRUE,TRUE
"2129",TRUE,FALSE
"2130",TRUE,FALSE
"2131",FALSE,TRUE
"2132",TRUE,FALSE
"2133",TRUE,FALSE
"2134",TRUE,TRUE
"2135",TRUE,FALSE
"2136",TRUE,FALSE
"2137",TRUE,FALSE
"2138",TRUE,FALSE
"2139",TRUE,FALSE
"2140",TRUE,FALSE
"2141",TRUE,FALSE
"2142",TRUE,FALSE
"2143",TRUE,TRUE
"2144",TRUE,TRUE
"2145",TRUE,TRUE
"2146",TRUE,FALSE
"2147",TRUE,FALSE
"2148",TRUE,TRUE
"2149",TRUE,FALSE
"2150",TRUE,FALSE
"2151",TRUE,FALSE
"2152",TRUE,FALSE
"2153",TRUE,FALSE
"2154",TRUE,TRUE
"2155",TRUE,FALSE
"2156",TRUE,TRUE
"2157",TRUE,TRUE
"2158",TRUE,FALSE
"2159",TRUE,TRUE
"2160",TRUE,FALSE
"2161",TRUE,TRUE
"2162",TRUE,FALSE
"2163",TRUE,TRUE
"2164",TRUE,TRUE
"2165",TRUE,TRUE
"2166",TRUE,FALSE
"2167",TRUE,TRUE
"2168",TRUE,TRUE
"2169",TRUE,FALSE
"2170",TRUE,FALSE
"2171",TRUE,TRUE
"2172",TRUE,FALSE
"2173",TRUE,TRUE
"2174",TRUE,TRUE
"2175",TRUE,FALSE
"2176",TRUE,TRUE
"2177",TRUE,FALSE
"2178",TRUE,FALSE
"2179",TRUE,FALSE
"2180",TRUE,TRUE
"2181",TRUE,FALSE
"2182",TRUE,TRUE
"2183",TRUE,FALSE
"2184",TRUE,FALSE
"2185",TRUE,FALSE
"2186",TRUE,FALSE
"2187",TRUE,FALSE
"2188",TRUE,FALSE
"2189",TRUE,TRUE
"2190",TRUE,TRUE
"2191",TRUE,TRUE
"2192",TRUE,TRUE
"2193",TRUE,TRUE
"2194",TRUE,FALSE
"2195",TRUE,FALSE
"2196",TRUE,FALSE
"2197",TRUE,FALSE
"2198",TRUE,TRUE
"2199",TRUE,TRUE
"2200",TRUE,FALSE
"2201",TRUE,TRUE
"2202",TRUE,TRUE
"2203",TRUE,TRUE
"2204",TRUE,TRUE
"2205",TRUE,TRUE
"2206",TRUE,TRUE
"2207",TRUE,FALSE
"2208",TRUE,FALSE
"2209",TRUE,TRUE
"2210",TRUE,TRUE
"2211",TRUE,FALSE
"2212",TRUE,FALSE
"2213",TRUE,FALSE
"2214",TRUE,FALSE
"2215",TRUE,FALSE
"2216",TRUE,TRUE
"2217",TRUE,TRUE
"2218",TRUE,FALSE
"2219",TRUE,TRUE
"2220",TRUE,TRUE
"2221",TRUE,TRUE
"2222",TRUE,FALSE
"2223",TRUE,FALSE
"2224",TRUE,FALSE
"2225",FALSE,TRUE
"2226",FALSE,TRUE
"2227",TRUE,TRUE
"2228",TRUE,FALSE
"2229",FALSE,TRUE
"2230",FALSE,FALSE
"2231",TRUE,TRUE
"2232",TRUE,FALSE
"2233",TRUE,FALSE
"2234",TRUE,TRUE
"2235",TRUE,FALSE
"2236",TRUE,TRUE
"2237",TRUE,FALSE
"2238",FALSE,TRUE
"2239",TRUE,FALSE
"2240",TRUE,FALSE
"2241",FALSE,TRUE
"2242",TRUE,TRUE
"2243",FALSE,TRUE
"2244",FALSE,TRUE
"2245",FALSE,TRUE
"2246",TRUE,FALSE
"2247",FALSE,TRUE
"2248",TRUE,TRUE
"2249",TRUE,TRUE
"2250",TRUE,FALSE
"2251",TRUE,FALSE
"2252",TRUE,FALSE
"2253",TRUE,TRUE
"2254",TRUE,TRUE
"2255",TRUE,TRUE
"2256",TRUE,FALSE
"2257",TRUE,FALSE
"2258",TRUE,FALSE
"2259",TRUE,TRUE
"2260",TRUE,FALSE
"2261",TRUE,FALSE
"2262",TRUE,FALSE
"2263",TRUE,FALSE
"2264",TRUE,TRUE
"2265",TRUE,FALSE
"2266",TRUE,FALSE
"2267",TRUE,FALSE
"2268",TRUE,FALSE
"2269",TRUE,FALSE
"2270",TRUE,TRUE
"2271",TRUE,TRUE
"2272",TRUE,FALSE
"2273",TRUE,TRUE
"2274",TRUE,TRUE
"2275",TRUE,FALSE
"2276",TRUE,TRUE
"2277",TRUE,TRUE
"2278",TRUE,TRUE
"2279",TRUE,TRUE
"2280",TRUE,TRUE
"2281",TRUE,TRUE
"2282",TRUE,FALSE
"2283",TRUE,FALSE
"2284",TRUE,FALSE
"2285",TRUE,TRUE
"2286",TRUE,FALSE
"2287",TRUE,FALSE
"2288",TRUE,FALSE
"2289",TRUE,FALSE
"2290",TRUE,FALSE
"2291",TRUE,TRUE
"2292",TRUE,TRUE
"2293",TRUE,TRUE
"2294",TRUE,FALSE
"2295",TRUE,FALSE
"2296",TRUE,TRUE
"2297",TRUE,TRUE
"2298",TRUE,FALSE
"2299",TRUE,FALSE
"2300",TRUE,FALSE
"2301",TRUE,FALSE
"2302",TRUE,FALSE
"2303",TRUE,TRUE
"2304",TRUE,TRUE
"2305",TRUE,FALSE
"2306",TRUE,FALSE
"2307",TRUE,FALSE
"2308",TRUE,FALSE
"2309",TRUE,FALSE
"2310",TRUE,FALSE
"2311",TRUE,FALSE
"2312",TRUE,TRUE
"2313",TRUE,TRUE
"2314",TRUE,TRUE
"2315",TRUE,TRUE
"2316",TRUE,FALSE
"2317",TRUE,TRUE
"2318",TRUE,FALSE
"2319",TRUE,FALSE
"2320",TRUE,FALSE
"2321",TRUE,TRUE
"2322",TRUE,FALSE
"2323",TRUE,TRUE
"2324",TRUE,TRUE
"2325",TRUE,FALSE
"2326",TRUE,TRUE
"2327",TRUE,FALSE
"2328",TRUE,FALSE
"2329",TRUE,TRUE
"2330",TRUE,FALSE
"2331",TRUE,TRUE
"2332",TRUE,FALSE
"2333",TRUE,FALSE
"2334",TRUE,TRUE
"2335",TRUE,FALSE
"2336",TRUE,FALSE
"2337",TRUE,FALSE
"2338",TRUE,TRUE
"2339",TRUE,TRUE
"2340",TRUE,FALSE
"2341",TRUE,TRUE
"2342",TRUE,TRUE
"2343",TRUE,TRUE
"2344",TRUE,TRUE
"2345",TRUE,TRUE
"2346",TRUE,TRUE
"2347",TRUE,TRUE
"2348",TRUE,FALSE
"2349",TRUE,FALSE
"2350",TRUE,FALSE
"2351",TRUE,FALSE
"2352",TRUE,FALSE
"2353",TRUE,TRUE
"2354",TRUE,FALSE
"2355",TRUE,FALSE
"2356",TRUE,TRUE
"2357",TRUE,FALSE
"2358",TRUE,FALSE
"2359",TRUE,FALSE
"2360",TRUE,TRUE
"2361",TRUE,TRUE
"2362",TRUE,FALSE
"2363",TRUE,FALSE
"2364",TRUE,FALSE
"2365",TRUE,TRUE
"2366",TRUE,FALSE
"2367",TRUE,FALSE
"2368",TRUE,FALSE
"2369",TRUE,TRUE
"2370",TRUE,FALSE
"2371",TRUE,TRUE
"2372",TRUE,FALSE
"2373",TRUE,FALSE
"2374",TRUE,TRUE
"2375",TRUE,FALSE
"2376",TRUE,TRUE
"2377",TRUE,FALSE
"2378",TRUE,TRUE
"2379",TRUE,TRUE
"2380",TRUE,FALSE
"2381",TRUE,FALSE
"2382",TRUE,TRUE
"2383",TRUE,TRUE
"2384",TRUE,FALSE
"2385",TRUE,TRUE
"2386",TRUE,FALSE
"2387",TRUE,FALSE
"2388",TRUE,FALSE
"2389",TRUE,FALSE
"2390",TRUE,FALSE
"2391",TRUE,TRUE
"2392",TRUE,FALSE
"2393",TRUE,TRUE
"2394",TRUE,FALSE
"2395",TRUE,FALSE
"2396",TRUE,FALSE
"2397",TRUE,FALSE
"2398",TRUE,TRUE
"2399",TRUE,FALSE
"2400",TRUE,FALSE
"2401",TRUE,FALSE
"2402",TRUE,FALSE
"2403",TRUE,FALSE
"2404",TRUE,FALSE
"2405",TRUE,FALSE
"2406",FALSE,TRUE
"2407",TRUE,FALSE
"2408",TRUE,TRUE
"2409",TRUE,TRUE
"2410",TRUE,TRUE
"2411",TRUE,TRUE
"2412",TRUE,TRUE
"2413",TRUE,TRUE
"2414",TRUE,TRUE
"2415",TRUE,TRUE
"2416",TRUE,TRUE
"2417",TRUE,TRUE
"2418",TRUE,TRUE
"2419",TRUE,TRUE
"2420",TRUE,TRUE
"2421",TRUE,TRUE
"2422",TRUE,TRUE
"2423",TRUE,TRUE
"2424",TRUE,TRUE
"2425",TRUE,TRUE
"2426",TRUE,TRUE
"2427",TRUE,TRUE
"2428",TRUE,TRUE
"2429",TRUE,TRUE
"2430",TRUE,FALSE
"2431",TRUE,TRUE
"2432",TRUE,TRUE
"2433",TRUE,TRUE
"2434",FALSE,TRUE
"2435",TRUE,FALSE
"2436",TRUE,TRUE
"2437",TRUE,FALSE
"2438",TRUE,FALSE
"2439",TRUE,FALSE
"2440",TRUE,FALSE
"2441",TRUE,FALSE
"2442",TRUE,TRUE
"2443",FALSE,TRUE
"2444",TRUE,FALSE
"2445",TRUE,TRUE
"2446",TRUE,TRUE
"2447",TRUE,FALSE
"2448",TRUE,FALSE
"2449",TRUE,FALSE
"2450",TRUE,TRUE
"2451",TRUE,TRUE
"2452",TRUE,TRUE
"2453",TRUE,FALSE
"2454",TRUE,FALSE
"2455",TRUE,TRUE
"2456",TRUE,TRUE
"2457",TRUE,FALSE
"2458",TRUE,TRUE
"2459",TRUE,TRUE
"2460",TRUE,FALSE
"2461",TRUE,FALSE
"2462",TRUE,FALSE
"2463",TRUE,TRUE
"2464",TRUE,FALSE
"2465",TRUE,FALSE
"2466",TRUE,FALSE
"2467",TRUE,FALSE
"2468",TRUE,TRUE
"2469",TRUE,FALSE
"2470",TRUE,TRUE
"2471",TRUE,TRUE
"2472",TRUE,FALSE
"2473",TRUE,FALSE
"2474",TRUE,FALSE
"2475",TRUE,FALSE
"2476",TRUE,FALSE
"2477",FALSE,FALSE
"2478",TRUE,FALSE
"2479",TRUE,TRUE
"2480",TRUE,FALSE
"2481",TRUE,TRUE
"2482",TRUE,FALSE
"2483",TRUE,FALSE
"2484",TRUE,TRUE
"2485",TRUE,FALSE
"2486",TRUE,TRUE
"2487",TRUE,TRUE
"2488",TRUE,TRUE
"2489",TRUE,FALSE
"2490",FALSE,FALSE
"2491",TRUE,FALSE
"2492",TRUE,TRUE
"2493",TRUE,TRUE
"2494",TRUE,FALSE
"2495",TRUE,TRUE
"2496",TRUE,FALSE
"2497",TRUE,TRUE
"2498",TRUE,FALSE
"2499",TRUE,TRUE
"2500",TRUE,FALSE
"2501",TRUE,FALSE
"2502",TRUE,TRUE
"2503",TRUE,TRUE
"2504",TRUE,TRUE
"2505",TRUE,FALSE
"2506",TRUE,FALSE
"2507",TRUE,FALSE
"2508",TRUE,FALSE
"2509",TRUE,TRUE
"2510",TRUE,FALSE
"2511",TRUE,TRUE
"2512",TRUE,TRUE
"2513",TRUE,TRUE
"2514",TRUE,TRUE
"2515",TRUE,TRUE
"2516",TRUE,FALSE
"2517",TRUE,FALSE
"2518",TRUE,TRUE
"2519",FALSE,TRUE
"2520",TRUE,TRUE
"2521",TRUE,TRUE
"2522",TRUE,TRUE
"2523",TRUE,TRUE
"2524",TRUE,FALSE
"2525",TRUE,FALSE
"2526",TRUE,TRUE
"2527",TRUE,FALSE
"2528",TRUE,FALSE
"2529",TRUE,FALSE
"2530",TRUE,FALSE
"2531",TRUE,TRUE
"2532",TRUE,TRUE
"2533",TRUE,TRUE
"2534",TRUE,TRUE
"2535",TRUE,TRUE
"2536",TRUE,FALSE
"2537",TRUE,FALSE
"2538",TRUE,TRUE
"2539",TRUE,TRUE
"2540",TRUE,TRUE
"2541",TRUE,FALSE
"2542",TRUE,TRUE
"2543",TRUE,FALSE
"2544",TRUE,FALSE
"2545",TRUE,FALSE
"2546",TRUE,TRUE
"2547",TRUE,FALSE
"2548",TRUE,FALSE
"2549",FALSE,TRUE
"2550",TRUE,FALSE
"2551",TRUE,FALSE
"2552",FALSE,TRUE
"2553",TRUE,FALSE
"2554",TRUE,TRUE
"2555",TRUE,TRUE
"2556",TRUE,FALSE
"2557",TRUE,FALSE
"2558",TRUE,TRUE
"2559",TRUE,TRUE
"2560",TRUE,TRUE
"2561",TRUE,TRUE
"2562",TRUE,TRUE
"2563",TRUE,TRUE
"2564",TRUE,TRUE
"2565",TRUE,TRUE
"2566",TRUE,TRUE
"2567",TRUE,TRUE
"2568",TRUE,TRUE
"2569",TRUE,TRUE
"2570",TRUE,TRUE
"2571",TRUE,TRUE
"2572",TRUE,TRUE
"2573",TRUE,FALSE
"2574",TRUE,FALSE
"2575",TRUE,FALSE
"2576",TRUE,FALSE
"2577",TRUE,FALSE
"2578",TRUE,FALSE
"2579",TRUE,FALSE
"2580",TRUE,FALSE
"2581",TRUE,FALSE
"2582",TRUE,TRUE
"2583",FALSE,TRUE
"2584",TRUE,FALSE
"2585",TRUE,FALSE
"2586",TRUE,TRUE
"2587",TRUE,FALSE
"2588",TRUE,FALSE
"2589",TRUE,FALSE
"2590",TRUE,TRUE
"2591",TRUE,FALSE
"2592",TRUE,FALSE
"2593",TRUE,FALSE
"2594",TRUE,TRUE
"2595",TRUE,TRUE
"2596",TRUE,FALSE
"2597",TRUE,FALSE
"2598",TRUE,TRUE
"2599",TRUE,FALSE
"2600",TRUE,FALSE
"2601",TRUE,FALSE
"2602",TRUE,FALSE
"2603",TRUE,FALSE
"2604",TRUE,FALSE
"2605",TRUE,FALSE
"2606",TRUE,FALSE
"2607",TRUE,FALSE
"2608",TRUE,FALSE
"2609",TRUE,FALSE
"2610",TRUE,TRUE
"2611",TRUE,FALSE
"2612",TRUE,FALSE
"2613",TRUE,FALSE
"2614",TRUE,TRUE
"2615",TRUE,TRUE
"2616",TRUE,FALSE
"2617",TRUE,FALSE
"2618",TRUE,FALSE
"2619",TRUE,FALSE
"2620",TRUE,TRUE
"2621",TRUE,FALSE
"2622",TRUE,FALSE
"2623",TRUE,FALSE
"2624",TRUE,FALSE
"2625",TRUE,TRUE
"2626",TRUE,TRUE
"2627",TRUE,TRUE
"2628",TRUE,FALSE
"2629",TRUE,TRUE
"2630",TRUE,FALSE
"2631",TRUE,FALSE
"2632",TRUE,TRUE
"2633",TRUE,TRUE
"2634",TRUE,FALSE
"2635",TRUE,FALSE
"2636",TRUE,TRUE
"2637",TRUE,TRUE
"2638",TRUE,FALSE
"2639",TRUE,FALSE
"2640",TRUE,FALSE
"2641",TRUE,TRUE
"2642",TRUE,TRUE
"2643",TRUE,TRUE
"2644",TRUE,TRUE
"2645",TRUE,FALSE
"2646",TRUE,FALSE
"2647",TRUE,TRUE
"2648",TRUE,TRUE
"2649",TRUE,FALSE
"2650",TRUE,FALSE
"2651",TRUE,FALSE
"2652",TRUE,FALSE
"2653",TRUE,TRUE
"2654",TRUE,FALSE
"2655",TRUE,FALSE
"2656",TRUE,FALSE
"2657",TRUE,FALSE
"2658",TRUE,FALSE
"2659",TRUE,TRUE
"2660",TRUE,TRUE
"2661",TRUE,TRUE
"2662",TRUE,FALSE
"2663",TRUE,FALSE
"2664",TRUE,FALSE
"2665",TRUE,FALSE
"2666",TRUE,TRUE
"2667",TRUE,FALSE
"2668",TRUE,TRUE
"2669",TRUE,FALSE
"2670",TRUE,FALSE
"2671",TRUE,FALSE
"2672",TRUE,FALSE
"2673",TRUE,FALSE
"2674",TRUE,FALSE
"2675",TRUE,FALSE
"2676",TRUE,TRUE
"2677",TRUE,TRUE
"2678",TRUE,FALSE
"2679",TRUE,FALSE
"2680",TRUE,FALSE
"2681",TRUE,FALSE
"2682",TRUE,TRUE
"2683",TRUE,FALSE
"2684",TRUE,FALSE
"2685",TRUE,FALSE
"2686",TRUE,TRUE
"2687",TRUE,FALSE
"2688",TRUE,FALSE
"2689",TRUE,TRUE
"2690",TRUE,FALSE
"2691",TRUE,TRUE
"2692",FALSE,TRUE
"2693",FALSE,TRUE
"2694",TRUE,TRUE
"2695",FALSE,TRUE
"2696",TRUE,TRUE
"2697",TRUE,TRUE
"2698",TRUE,TRUE
"2699",TRUE,FALSE
"2700",TRUE,TRUE
"2701",TRUE,FALSE
"2702",TRUE,TRUE
"2703",TRUE,FALSE
"2704",TRUE,TRUE
"2705",TRUE,FALSE
"2706",TRUE,TRUE
"2707",FALSE,TRUE
"2708",TRUE,TRUE
"2709",TRUE,FALSE
"2710",TRUE,TRUE
"2711",TRUE,FALSE
"2712",TRUE,FALSE
"2713",TRUE,FALSE
"2714",TRUE,FALSE
"2715",TRUE,FALSE
"2716",TRUE,TRUE
"2717",TRUE,FALSE
"2718",TRUE,FALSE
"2719",TRUE,TRUE
"2720",TRUE,FALSE
"2721",TRUE,FALSE
"2722",TRUE,TRUE
"2723",TRUE,FALSE
"2724",TRUE,FALSE
"2725",TRUE,TRUE
"2726",TRUE,TRUE
"2727",TRUE,FALSE
"2728",FALSE,TRUE
"2729",TRUE,TRUE
"2730",TRUE,TRUE
"2731",TRUE,TRUE
"2732",TRUE,TRUE
"2733",TRUE,TRUE
"2734",TRUE,TRUE
"2735",TRUE,TRUE
"2736",TRUE,TRUE
"2737",TRUE,TRUE
"2738",TRUE,TRUE
"2739",TRUE,TRUE
"2740",TRUE,FALSE
"2741",TRUE,TRUE
"2742",TRUE,FALSE
"2743",TRUE,TRUE
"2744",TRUE,TRUE
"2745",TRUE,TRUE
"2746",TRUE,TRUE
"2747",TRUE,TRUE
"2748",TRUE,TRUE
"2749",TRUE,TRUE
"2750",TRUE,TRUE
"2751",TRUE,TRUE
"2752",TRUE,FALSE
"2753",TRUE,FALSE
"2754",TRUE,FALSE
"2755",TRUE,FALSE
"2756",TRUE,FALSE
"2757",TRUE,FALSE
"2758",TRUE,TRUE
"2759",TRUE,TRUE
"2760",TRUE,FALSE
"2761",TRUE,FALSE
"2762",TRUE,FALSE
"2763",TRUE,TRUE
"2764",TRUE,TRUE
"2765",TRUE,TRUE
"2766",TRUE,FALSE
"2767",TRUE,TRUE
"2768",TRUE,TRUE
"2769",TRUE,FALSE
"2770",TRUE,FALSE
"2771",TRUE,TRUE
"2772",TRUE,FALSE
"2773",TRUE,FALSE
"2774",TRUE,FALSE
"2775",TRUE,FALSE
"2776",TRUE,FALSE
"2777",TRUE,TRUE
"2778",TRUE,TRUE
"2779",TRUE,TRUE
"2780",FALSE,TRUE
"2781",TRUE,FALSE
"2782",TRUE,FALSE
"2783",TRUE,FALSE
"2784",TRUE,FALSE
"2785",TRUE,FALSE
"2786",TRUE,FALSE
"2787",TRUE,TRUE
"2788",TRUE,TRUE
"2789",TRUE,FALSE
"2790",TRUE,TRUE
"2791",TRUE,TRUE
"2792",TRUE,FALSE
"2793",TRUE,TRUE
"2794",TRUE,TRUE
"2795",TRUE,FALSE
"2796",TRUE,TRUE
"2797",TRUE,TRUE
"2798",TRUE,FALSE
"2799",TRUE,FALSE
"2800",TRUE,FALSE
"2801",TRUE,TRUE
"2802",TRUE,TRUE
"2803",TRUE,TRUE
"2804",TRUE,FALSE
"2805",TRUE,FALSE
"2806",TRUE,FALSE
"2807",TRUE,TRUE
"2808",TRUE,FALSE
"2809",TRUE,TRUE
"2810",TRUE,FALSE
"2811",TRUE,TRUE
"2812",TRUE,FALSE
"2813",TRUE,TRUE
"2814",TRUE,FALSE
"2815",TRUE,TRUE
"2816",TRUE,FALSE
"2817",TRUE,TRUE
"2818",TRUE,TRUE
"2819",TRUE,FALSE
"2820",TRUE,FALSE
"2821",TRUE,FALSE
"2822",TRUE,TRUE
"2823",TRUE,FALSE
"2824",TRUE,FALSE
"2825",TRUE,TRUE
"2826",TRUE,TRUE
"2827",TRUE,TRUE
"2828",TRUE,FALSE
"2829",TRUE,FALSE
"2830",TRUE,FALSE
"2831",TRUE,FALSE
"2832",TRUE,FALSE
"2833",TRUE,TRUE
"2834",TRUE,FALSE
"2835",TRUE,FALSE
"2836",TRUE,TRUE
"2837",TRUE,TRUE
"2838",TRUE,FALSE
"2839",TRUE,FALSE
"2840",TRUE,FALSE
"2841",TRUE,TRUE
"2842",TRUE,FALSE
"2843",TRUE,TRUE
"2844",TRUE,FALSE
"2845",TRUE,FALSE
"2846",TRUE,TRUE
"2847",TRUE,TRUE
"2848",FALSE,TRUE
"2849",TRUE,TRUE
"2850",TRUE,TRUE
"2851",TRUE,TRUE
"2852",TRUE,TRUE
"2853",TRUE,TRUE
"2854",TRUE,FALSE
"2855",TRUE,FALSE
"2856",TRUE,TRUE
"2857",TRUE,TRUE
"2858",TRUE,FALSE
"2859",TRUE,FALSE
"2860",TRUE,FALSE
"2861",TRUE,FALSE
"2862",TRUE,TRUE
"2863",TRUE,FALSE
"2864",TRUE,TRUE
"2865",TRUE,FALSE
"2866",TRUE,TRUE
"2867",TRUE,FALSE
"2868",TRUE,FALSE
"2869",TRUE,FALSE
"2870",TRUE,TRUE
"2871",TRUE,TRUE
"2872",TRUE,FALSE
"2873",TRUE,TRUE
"2874",FALSE,TRUE
"2875",FALSE,TRUE
"2876",TRUE,FALSE
"2877",TRUE,FALSE
"2878",TRUE,FALSE
"2879",TRUE,TRUE
"2880",TRUE,TRUE
"2881",TRUE,FALSE
"2882",TRUE,TRUE
"2883",TRUE,TRUE
"2884",TRUE,TRUE
"2885",TRUE,TRUE
"2886",TRUE,FALSE
"2887",TRUE,TRUE
"2888",TRUE,TRUE
"2889",TRUE,FALSE
"2890",TRUE,TRUE
"2891",TRUE,TRUE
"2892",TRUE,FALSE
"2893",TRUE,FALSE
"2894",TRUE,FALSE
"2895",TRUE,FALSE
"2896",TRUE,TRUE
"2897",TRUE,FALSE
"2898",TRUE,TRUE
"2899",TRUE,TRUE
"2900",TRUE,TRUE
"2901",TRUE,FALSE
"2902",TRUE,FALSE
"2903",TRUE,FALSE
"2904",FALSE,TRUE
"2905",TRUE,TRUE
"2906",TRUE,TRUE
"2907",TRUE,FALSE
"2908",TRUE,FALSE
"2909",TRUE,FALSE
"2910",TRUE,FALSE
"2911",TRUE,FALSE
"2912",TRUE,TRUE
"2913",TRUE,TRUE
"2914",TRUE,TRUE
"2915",TRUE,FALSE
"2916",TRUE,FALSE
"2917",TRUE,TRUE
"2918",TRUE,FALSE
"2919",TRUE,TRUE
"2920",FALSE,TRUE
"2921",TRUE,TRUE
"2922",TRUE,FALSE
"2923",TRUE,TRUE
"2924",TRUE,TRUE
"2925",TRUE,TRUE
"2926",TRUE,FALSE
"2927",TRUE,FALSE
"2928",TRUE,FALSE
"2929",TRUE,FALSE
"2930",TRUE,TRUE
"2931",TRUE,TRUE
"2932",TRUE,TRUE
"2933",TRUE,FALSE
"2934",TRUE,FALSE
"2935",TRUE,FALSE
"2936",TRUE,FALSE
"2937",TRUE,TRUE
"2938",TRUE,FALSE
"2939",TRUE,TRUE
"2940",TRUE,FALSE
"2941",TRUE,FALSE
"2942",TRUE,FALSE
"2943",TRUE,FALSE
"2944",TRUE,FALSE
"2945",TRUE,FALSE
"2946",TRUE,TRUE
"2947",TRUE,TRUE
"2948",TRUE,FALSE
"2949",TRUE,FALSE
"2950",TRUE,FALSE
"2951",TRUE,FALSE
"2952",TRUE,FALSE
"2953",TRUE,TRUE
"2954",TRUE,TRUE
"2955",TRUE,FALSE
"2956",TRUE,TRUE
"2957",TRUE,TRUE
"2958",TRUE,TRUE
"2959",TRUE,TRUE
"2960",TRUE,FALSE
"2961",TRUE,TRUE
"2962",TRUE,FALSE
"2963",TRUE,TRUE
"2964",TRUE,TRUE
"2965",TRUE,FALSE
"2966",TRUE,TRUE
"2967",TRUE,FALSE
"2968",TRUE,FALSE
"2969",TRUE,TRUE
"2970",TRUE,FALSE
"2971",TRUE,TRUE
"2972",TRUE,FALSE
"2973",TRUE,TRUE
"2974",TRUE,FALSE
"2975",TRUE,FALSE
"2976",TRUE,FALSE
"2977",TRUE,FALSE
"2978",TRUE,FALSE
"2979",TRUE,TRUE
"2980",TRUE,TRUE
"2981",TRUE,TRUE
"2982",TRUE,FALSE
"2983",TRUE,TRUE
"2984",TRUE,TRUE
"2985",TRUE,TRUE
"2986",TRUE,FALSE
"2987",TRUE,FALSE
"2988",TRUE,TRUE
"2989",TRUE,FALSE
"2990",TRUE,FALSE
"2991",TRUE,FALSE
"2992",TRUE,FALSE
"2993",TRUE,FALSE
"2994",TRUE,FALSE
"2995",TRUE,TRUE
"2996",FALSE,TRUE
"2997",TRUE,FALSE
"2998",TRUE,FALSE
"2999",TRUE,FALSE
"3000",TRUE,TRUE
"3001",TRUE,TRUE
"3002",FALSE,TRUE
"3003",TRUE,FALSE
"3004",TRUE,FALSE
"3005",TRUE,FALSE
"3006",TRUE,FALSE
"3007",TRUE,FALSE
"3008",TRUE,TRUE
"3009",TRUE,FALSE
"3010",FALSE,FALSE
"3011",FALSE,FALSE
"3012",FALSE,FALSE
"3013",TRUE,TRUE
"3014",FALSE,TRUE
"3015",TRUE,FALSE
"3016",TRUE,FALSE
"3017",TRUE,FALSE
"3018",TRUE,FALSE
"3019",TRUE,FALSE
"3020",TRUE,FALSE
"3021",TRUE,TRUE
"3022",TRUE,FALSE
"3023",TRUE,FALSE
"3024",TRUE,FALSE
"3025",TRUE,FALSE
"3026",TRUE,TRUE
"3027",FALSE,TRUE
"3028",TRUE,TRUE
"3029",TRUE,TRUE
"3030",TRUE,FALSE
"3031",TRUE,FALSE
"3032",TRUE,FALSE
"3033",TRUE,FALSE
"3034",TRUE,FALSE
"3035",TRUE,FALSE
"3036",TRUE,FALSE
"3037",TRUE,FALSE
"3038",TRUE,FALSE
"3039",TRUE,FALSE
"3040",TRUE,TRUE
"3041",TRUE,TRUE
"3042",TRUE,TRUE
"3043",TRUE,FALSE
"3044",FALSE,TRUE
"3045",TRUE,FALSE
"3046",TRUE,FALSE
"3047",TRUE,FALSE
"3048",TRUE,TRUE
"3049",FALSE,TRUE
"3050",FALSE,TRUE
"3051",TRUE,TRUE
"3052",FALSE,TRUE
"3053",TRUE,FALSE
"3054",TRUE,FALSE
"3055",TRUE,FALSE
"3056",TRUE,FALSE
"3057",TRUE,FALSE
"3058",TRUE,FALSE
"3059",TRUE,FALSE
"3060",TRUE,TRUE
"3061",FALSE,TRUE
"3062",FALSE,FALSE
"3063",TRUE,FALSE
"3064",TRUE,TRUE
"3065",TRUE,FALSE
"3066",TRUE,FALSE
"3067",TRUE,TRUE
"3068",FALSE,TRUE
"3069",TRUE,TRUE
"3070",TRUE,FALSE
"3071",TRUE,FALSE
"3072",FALSE,TRUE
"3073",TRUE,TRUE
"3074",TRUE,FALSE
"3075",TRUE,TRUE
"3076",TRUE,FALSE
"3077",TRUE,TRUE
"3078",TRUE,TRUE
"3079",TRUE,FALSE
"3080",TRUE,TRUE
"3081",TRUE,FALSE
"3082",TRUE,FALSE
"3083",TRUE,FALSE
"3084",TRUE,TRUE
"3085",TRUE,FALSE
"3086",FALSE,FALSE
"3087",TRUE,FALSE
"3088",TRUE,FALSE
"3089",TRUE,FALSE
"3090",TRUE,TRUE
"3091",TRUE,TRUE
"3092",TRUE,FALSE
"3093",TRUE,FALSE
"3094",TRUE,FALSE
"3095",TRUE,FALSE
"3096",TRUE,FALSE
"3097",TRUE,TRUE
"3098",TRUE,FALSE
"3099",TRUE,FALSE
"3100",TRUE,FALSE
"3101",TRUE,TRUE
"3102",TRUE,FALSE
"3103",TRUE,FALSE
"3104",TRUE,FALSE
"3105",TRUE,FALSE
"3106",TRUE,FALSE
"3107",TRUE,FALSE
"3108",TRUE,FALSE
"3109",TRUE,TRUE
"3110",TRUE,TRUE
"3111",TRUE,TRUE
"3112",TRUE,FALSE
"3113",TRUE,TRUE
"3114",TRUE,FALSE
"3115",TRUE,FALSE
"3116",TRUE,FALSE
"3117",TRUE,FALSE
"3118",TRUE,TRUE
"3119",TRUE,FALSE
"3120",FALSE,TRUE
"3121",FALSE,FALSE
"3122",TRUE,FALSE
"3123",TRUE,FALSE
"3124",TRUE,FALSE
"3125",TRUE,FALSE
"3126",TRUE,TRUE
"3127",TRUE,TRUE
"3128",TRUE,FALSE
"3129",TRUE,FALSE
"3130",TRUE,FALSE
"3131",TRUE,TRUE
"3132",TRUE,TRUE
"3133",FALSE,TRUE
"3134",TRUE,FALSE
"3135",TRUE,TRUE
"3136",TRUE,FALSE
"3137",TRUE,TRUE
"3138",TRUE,FALSE
"3139",TRUE,TRUE
"3140",TRUE,FALSE
"3141",TRUE,TRUE
"3142",TRUE,TRUE
"3143",FALSE,FALSE
"3144",FALSE,TRUE
"3145",FALSE,TRUE
"3146",TRUE,TRUE
"3147",TRUE,TRUE
"3148",TRUE,FALSE
"3149",TRUE,FALSE
"3150",FALSE,TRUE
"3151",TRUE,FALSE
"3152",FALSE,FALSE
"3153",TRUE,TRUE
"3154",TRUE,TRUE
"3155",TRUE,TRUE
"3156",TRUE,FALSE
"3157",FALSE,FALSE
"3158",TRUE,TRUE
"3159",TRUE,FALSE
"3160",TRUE,TRUE
"3161",TRUE,TRUE
"3162",TRUE,FALSE
"3163",FALSE,FALSE
"3164",TRUE,TRUE
"3165",TRUE,FALSE
"3166",TRUE,FALSE
"3167",TRUE,FALSE
"3168",TRUE,TRUE
"3169",TRUE,FALSE
"3170",TRUE,TRUE
"3171",TRUE,TRUE
"3172",FALSE,TRUE
"3173",TRUE,FALSE
"3174",TRUE,FALSE
"3175",TRUE,TRUE
"3176",TRUE,FALSE
"3177",TRUE,FALSE
"3178",TRUE,FALSE
"3179",TRUE,FALSE
"3180",TRUE,FALSE
"3181",TRUE,FALSE
"3182",TRUE,FALSE
"3183",TRUE,TRUE
"3184",TRUE,TRUE
"3185",TRUE,FALSE
"3186",TRUE,FALSE
"3187",TRUE,TRUE
"3188",TRUE,TRUE
"3189",TRUE,FALSE
"3190",TRUE,FALSE
"3191",TRUE,FALSE
"3192",TRUE,FALSE
"3193",TRUE,FALSE
"3194",TRUE,FALSE
"3195",TRUE,FALSE
"3196",TRUE,TRUE
"3197",TRUE,FALSE
"3198",TRUE,FALSE
"3199",TRUE,FALSE
"3200",TRUE,FALSE
"3201",TRUE,FALSE
"3202",TRUE,FALSE
"3203",TRUE,FALSE
"3204",TRUE,TRUE
"3205",TRUE,TRUE
"3206",TRUE,FALSE
"3207",TRUE,FALSE
"3208",TRUE,FALSE
"3209",TRUE,FALSE
"3210",TRUE,FALSE
"3211",TRUE,FALSE
"3212",TRUE,TRUE
"3213",TRUE,TRUE
"3214",TRUE,TRUE
"3215",TRUE,TRUE
"3216",TRUE,FALSE
"3217",TRUE,FALSE
"3218",TRUE,TRUE
"3219",TRUE,FALSE
"3220",TRUE,TRUE
"3221",TRUE,FALSE
"3222",TRUE,TRUE
"3223",TRUE,TRUE
"3224",TRUE,TRUE
"3225",TRUE,TRUE
"3226",TRUE,FALSE
"3227",TRUE,TRUE
"3228",TRUE,TRUE
"3229",TRUE,TRUE
"3230",TRUE,FALSE
"3231",TRUE,FALSE
"3232",TRUE,FALSE
"3233",TRUE,FALSE
"3234",TRUE,FALSE
"3235",TRUE,FALSE
"3236",TRUE,TRUE
"3237",TRUE,FALSE
"3238",TRUE,FALSE
"3239",TRUE,TRUE
"3240",TRUE,TRUE
"3241",TRUE,TRUE
"3242",TRUE,FALSE
"3243",TRUE,TRUE
"3244",TRUE,TRUE
"3245",TRUE,TRUE
"3246",TRUE,TRUE
"3247",TRUE,FALSE
"3248",TRUE,FALSE
"3249",TRUE,FALSE
"3250",FALSE,TRUE
"3251",TRUE,FALSE
"3252",TRUE,FALSE
"3253",TRUE,FALSE
"3254",TRUE,FALSE
"3255",TRUE,FALSE
"3256",TRUE,TRUE
"3257",TRUE,FALSE
"3258",TRUE,FALSE
"3259",TRUE,FALSE
"3260",TRUE,TRUE
"3261",TRUE,TRUE
"3262",TRUE,TRUE
"3263",TRUE,FALSE
"3264",TRUE,FALSE
"3265",TRUE,FALSE
"3266",TRUE,TRUE
"3267",TRUE,FALSE
"3268",TRUE,TRUE
"3269",TRUE,FALSE
"3270",TRUE,FALSE
"3271",TRUE,TRUE
"3272",TRUE,TRUE
"3273",TRUE,FALSE
"3274",TRUE,FALSE
"3275",TRUE,FALSE
"3276",FALSE,TRUE
"3277",TRUE,FALSE
"3278",TRUE,TRUE
"3279",FALSE,TRUE
"3280",TRUE,TRUE
"3281",TRUE,TRUE
"3282",TRUE,TRUE
"3283",TRUE,TRUE
"3284",TRUE,TRUE
"3285",TRUE,FALSE
"3286",TRUE,TRUE
"3287",TRUE,FALSE
"3288",TRUE,FALSE
"3289",TRUE,TRUE
"3290",TRUE,TRUE
"3291",TRUE,FALSE
"3292",TRUE,TRUE
"3293",TRUE,TRUE
"3294",TRUE,FALSE
"3295",TRUE,TRUE
"3296",TRUE,TRUE
"3297",TRUE,FALSE
"3298",TRUE,FALSE
"3299",TRUE,FALSE
"3300",TRUE,TRUE
"3301",TRUE,TRUE
"3302",TRUE,TRUE
"3303",TRUE,TRUE
"3304",TRUE,TRUE
"3305",TRUE,FALSE
"3306",TRUE,FALSE
"3307",TRUE,TRUE
"3308",TRUE,TRUE
"3309",TRUE,FALSE
"3310",TRUE,FALSE
"3311",TRUE,FALSE
"3312",TRUE,TRUE
"3313",TRUE,TRUE
"3314",TRUE,TRUE
"3315",TRUE,FALSE
"3316",TRUE,TRUE
"3317",TRUE,TRUE
"3318",TRUE,FALSE
"3319",TRUE,TRUE
"3320",TRUE,FALSE
"3321",TRUE,FALSE
"3322",TRUE,FALSE
"3323",TRUE,FALSE
"3324",TRUE,TRUE
"3325",TRUE,TRUE
"3326",FALSE,TRUE
"3327",TRUE,FALSE
"3328",TRUE,TRUE
"3329",TRUE,FALSE
"3330",TRUE,FALSE
"3331",TRUE,FALSE
"3332",TRUE,FALSE
"3333",TRUE,TRUE
"3334",TRUE,TRUE
"3335",TRUE,FALSE
"3336",TRUE,TRUE
"3337",TRUE,TRUE
"3338",TRUE,TRUE
"3339",TRUE,FALSE
"3340",TRUE,FALSE
"3341",TRUE,FALSE
"3342",FALSE,TRUE
"3343",TRUE,FALSE
"3344",TRUE,TRUE
"3345",TRUE,TRUE
"3346",TRUE,FALSE
"3347",TRUE,FALSE
"3348",TRUE,FALSE
"3349",TRUE,FALSE
"3350",TRUE,FALSE
"3351",TRUE,TRUE
"3352",TRUE,TRUE
"3353",TRUE,FALSE
"3354",TRUE,FALSE
"3355",TRUE,FALSE
"3356",TRUE,TRUE
"3357",TRUE,TRUE
"3358",TRUE,FALSE
"3359",TRUE,TRUE
"3360",TRUE,TRUE
"3361",TRUE,TRUE
"3362",TRUE,FALSE
"3363",TRUE,TRUE
"3364",TRUE,FALSE
"3365",TRUE,TRUE
"3366",TRUE,FALSE
"3367",TRUE,TRUE
"3368",TRUE,FALSE
"3369",TRUE,FALSE
"3370",TRUE,TRUE
"3371",TRUE,FALSE
"3372",TRUE,TRUE
"3373",TRUE,FALSE
"3374",TRUE,FALSE
"3375",TRUE,TRUE
"3376",TRUE,TRUE
"3377",TRUE,FALSE
"3378",TRUE,TRUE
"3379",TRUE,FALSE
"3380",TRUE,TRUE
"3381",TRUE,TRUE
"3382",TRUE,TRUE
"3383",TRUE,TRUE
"3384",TRUE,FALSE
"3385",TRUE,FALSE
"3386",TRUE,FALSE
"3387",TRUE,TRUE
"3388",TRUE,FALSE
"3389",TRUE,FALSE
"3390",TRUE,TRUE
"3391",TRUE,FALSE
"3392",TRUE,FALSE
"3393",TRUE,FALSE
"3394",TRUE,TRUE
"3395",TRUE,TRUE
"3396",TRUE,FALSE
"3397",TRUE,TRUE
"3398",TRUE,TRUE
"3399",TRUE,TRUE
"3400",TRUE,FALSE
"3401",TRUE,FALSE
"3402",TRUE,FALSE
"3403",TRUE,TRUE
"3404",TRUE,TRUE
"3405",TRUE,FALSE
"3406",TRUE,FALSE
"3407",TRUE,FALSE
"3408",TRUE,TRUE
"3409",TRUE,FALSE
"3410",TRUE,FALSE
"3411",TRUE,TRUE
"3412",TRUE,TRUE
"3413",TRUE,FALSE
"3414",FALSE,TRUE
"3415",TRUE,FALSE
"3416",TRUE,TRUE
"3417",TRUE,TRUE
"3418",TRUE,TRUE
"3419",TRUE,FALSE
"3420",TRUE,FALSE
"3421",TRUE,FALSE
"3422",TRUE,FALSE
"3423",TRUE,TRUE
"3424",TRUE,FALSE
"3425",TRUE,FALSE
"3426",TRUE,FALSE
"3427",TRUE,TRUE
"3428",TRUE,FALSE
"3429",TRUE,FALSE
"3430",TRUE,TRUE
"3431",TRUE,TRUE
"3432",TRUE,FALSE
"3433",TRUE,TRUE
"3434",TRUE,TRUE
"3435",TRUE,FALSE
"3436",TRUE,TRUE
"3437",TRUE,TRUE
"3438",TRUE,TRUE
"3439",TRUE,FALSE
"3440",TRUE,FALSE
"3441",TRUE,TRUE
"3442",FALSE,TRUE
"3443",TRUE,TRUE
"3444",TRUE,TRUE
"3445",TRUE,FALSE
"3446",TRUE,TRUE
"3447",TRUE,TRUE
"3448",TRUE,FALSE
"3449",TRUE,FALSE
"3450",TRUE,FALSE
"3451",TRUE,TRUE
"3452",TRUE,FALSE
"3453",TRUE,TRUE
"3454",TRUE,FALSE
"3455",TRUE,FALSE
"3456",TRUE,FALSE
"3457",TRUE,TRUE
"3458",TRUE,TRUE
"3459",TRUE,TRUE
"3460",TRUE,TRUE
"3461",TRUE,FALSE
"3462",TRUE,FALSE
"3463",TRUE,TRUE
"3464",TRUE,FALSE
"3465",TRUE,TRUE
"3466",TRUE,FALSE
"3467",TRUE,TRUE
"3468",TRUE,TRUE
"3469",TRUE,FALSE
"3470",TRUE,FALSE
"3471",TRUE,TRUE
"3472",TRUE,FALSE
"3473",TRUE,FALSE
"3474",TRUE,FALSE
"3475",TRUE,FALSE
"3476",TRUE,FALSE
"3477",FALSE,FALSE
"3478",TRUE,FALSE
"3479",TRUE,FALSE
"3480",TRUE,FALSE
"3481",TRUE,FALSE
"3482",TRUE,TRUE
"3483",TRUE,TRUE
"3484",TRUE,TRUE
"3485",TRUE,TRUE
"3486",TRUE,FALSE
"3487",TRUE,FALSE
"3488",TRUE,TRUE
"3489",TRUE,FALSE
"3490",TRUE,FALSE
"3491",TRUE,TRUE
"3492",TRUE,TRUE
"3493",TRUE,FALSE
"3494",TRUE,FALSE
"3495",TRUE,TRUE
"3496",TRUE,FALSE
"3497",TRUE,FALSE
"3498",TRUE,FALSE
"3499",TRUE,TRUE
"3500",TRUE,TRUE
"3501",TRUE,FALSE
"3502",TRUE,FALSE
"3503",TRUE,TRUE
"3504",TRUE,TRUE
"3505",TRUE,TRUE
"3506",FALSE,TRUE
"3507",TRUE,TRUE
"3508",FALSE,TRUE
"3509",TRUE,TRUE
"3510",TRUE,TRUE
"3511",FALSE,TRUE
"3512",TRUE,FALSE
"3513",TRUE,TRUE
"3514",TRUE,TRUE
"3515",TRUE,TRUE
"3516",TRUE,FALSE
"3517",TRUE,FALSE
"3518",TRUE,FALSE
"3519",TRUE,FALSE
"3520",TRUE,TRUE
"3521",TRUE,FALSE
"3522",TRUE,FALSE
"3523",TRUE,FALSE
"3524",FALSE,TRUE
"3525",TRUE,TRUE
"3526",TRUE,TRUE
"3527",TRUE,TRUE
"3528",TRUE,TRUE
"3529",TRUE,TRUE
"3530",TRUE,FALSE
"3531",TRUE,FALSE
"3532",TRUE,FALSE
"3533",TRUE,FALSE
"3534",TRUE,TRUE
"3535",TRUE,TRUE
"3536",TRUE,TRUE
"3537",TRUE,TRUE
"3538",TRUE,TRUE
"3539",TRUE,TRUE
"3540",TRUE,TRUE
"3541",TRUE,TRUE
"3542",TRUE,FALSE
"3543",TRUE,FALSE
"3544",TRUE,FALSE
"3545",TRUE,TRUE
"3546",TRUE,FALSE
"3547",TRUE,TRUE
"3548",TRUE,TRUE
"3549",TRUE,TRUE
"3550",TRUE,TRUE
"3551",TRUE,FALSE
"3552",FALSE,TRUE
"3553",FALSE,TRUE
"3554",TRUE,FALSE
"3555",TRUE,FALSE
"3556",TRUE,FALSE
"3557",TRUE,TRUE
"3558",TRUE,FALSE
"3559",TRUE,FALSE
"3560",TRUE,TRUE
"3561",TRUE,FALSE
"3562",TRUE,FALSE
"3563",TRUE,TRUE
"3564",TRUE,TRUE
"3565",TRUE,FALSE
"3566",TRUE,FALSE
"3567",TRUE,TRUE
"3568",TRUE,FALSE
"3569",TRUE,FALSE
"3570",TRUE,FALSE
"3571",TRUE,FALSE
"3572",TRUE,FALSE
"3573",TRUE,FALSE
"3574",TRUE,TRUE
"3575",TRUE,TRUE
"3576",TRUE,TRUE
"3577",TRUE,FALSE
"3578",TRUE,TRUE
"3579",TRUE,FALSE
"3580",TRUE,TRUE
"3581",TRUE,FALSE
"3582",TRUE,FALSE
"3583",TRUE,TRUE
"3584",TRUE,TRUE
"3585",TRUE,FALSE
"3586",TRUE,FALSE
"3587",TRUE,FALSE
"3588",TRUE,FALSE
"3589",TRUE,FALSE
"3590",TRUE,FALSE
"3591",TRUE,TRUE
"3592",TRUE,FALSE
"3593",TRUE,FALSE
"3594",TRUE,FALSE
"3595",TRUE,FALSE
"3596",TRUE,FALSE
"3597",TRUE,FALSE
"3598",TRUE,FALSE
"3599",TRUE,TRUE
"3600",TRUE,FALSE
"3601",TRUE,FALSE
"3602",TRUE,FALSE
"3603",TRUE,FALSE
"3604",TRUE,FALSE
"3605",TRUE,FALSE
"3606",TRUE,TRUE
"3607",TRUE,FALSE
"3608",TRUE,FALSE
"3609",TRUE,TRUE
"3610",TRUE,FALSE
"3611",TRUE,FALSE
"3612",TRUE,FALSE
"3613",TRUE,TRUE
"3614",TRUE,TRUE
"3615",TRUE,FALSE
"3616",TRUE,FALSE
"3617",TRUE,FALSE
"3618",TRUE,TRUE
"3619",TRUE,FALSE
"3620",TRUE,FALSE
"3621",TRUE,TRUE
"3622",TRUE,FALSE
"3623",TRUE,FALSE
"3624",TRUE,FALSE
"3625",TRUE,FALSE
"3626",TRUE,FALSE
"3627",TRUE,FALSE
"3628",TRUE,FALSE
"3629",TRUE,TRUE
"3630",TRUE,TRUE
"3631",TRUE,FALSE
"3632",TRUE,FALSE
"3633",TRUE,TRUE
"3634",TRUE,FALSE
"3635",TRUE,FALSE
"3636",FALSE,TRUE
"3637",TRUE,FALSE
"3638",TRUE,TRUE
"3639",TRUE,FALSE
"3640",TRUE,FALSE
"3641",TRUE,TRUE
"3642",TRUE,FALSE
"3643",TRUE,TRUE
"3644",TRUE,TRUE
"3645",TRUE,FALSE
"3646",TRUE,FALSE
"3647",TRUE,FALSE
"3648",TRUE,TRUE
"3649",TRUE,FALSE
"3650",TRUE,FALSE
"3651",TRUE,TRUE
"3652",TRUE,TRUE
"3653",TRUE,TRUE
"3654",FALSE,TRUE
"3655",TRUE,TRUE
"3656",TRUE,TRUE
"3657",TRUE,FALSE
"3658",TRUE,TRUE
"3659",TRUE,TRUE
"3660",TRUE,TRUE
"3661",TRUE,TRUE
"3662",TRUE,FALSE
"3663",TRUE,TRUE
"3664",TRUE,FALSE
"3665",TRUE,FALSE
"3666",TRUE,FALSE
"3667",TRUE,FALSE
"3668",TRUE,TRUE
"3669",TRUE,TRUE
"3670",TRUE,TRUE
"3671",TRUE,FALSE
"3672",TRUE,TRUE
"3673",TRUE,TRUE
"3674",TRUE,FALSE
"3675",TRUE,FALSE
"3676",TRUE,FALSE
"3677",TRUE,FALSE
"3678",TRUE,TRUE
"3679",TRUE,FALSE
"3680",TRUE,TRUE
"3681",TRUE,TRUE
"3682",TRUE,TRUE
"3683",TRUE,FALSE
"3684",TRUE,TRUE
"3685",TRUE,TRUE
"3686",TRUE,TRUE
"3687",TRUE,FALSE
"3688",TRUE,TRUE
"3689",TRUE,TRUE
"3690",TRUE,FALSE
"3691",TRUE,FALSE
"3692",TRUE,TRUE
"3693",TRUE,TRUE
"3694",TRUE,FALSE
"3695",TRUE,FALSE
"3696",TRUE,FALSE
"3697",TRUE,FALSE
"3698",TRUE,FALSE
"3699",TRUE,TRUE
"3700",TRUE,TRUE
"3701",TRUE,TRUE
"3702",TRUE,TRUE
"3703",TRUE,FALSE
"3704",TRUE,TRUE
"3705",TRUE,TRUE
"3706",TRUE,FALSE
"3707",TRUE,TRUE
"3708",FALSE,TRUE
"3709",FALSE,TRUE
"3710",TRUE,TRUE
"3711",TRUE,TRUE
"3712",TRUE,TRUE
"3713",TRUE,FALSE
"3714",TRUE,FALSE
"3715",TRUE,FALSE
"3716",TRUE,FALSE
"3717",TRUE,FALSE
"3718",TRUE,FALSE
"3719",TRUE,FALSE
"3720",TRUE,FALSE
"3721",TRUE,TRUE
"3722",TRUE,TRUE
"3723",TRUE,TRUE
"3724",TRUE,FALSE
"3725",TRUE,FALSE
"3726",TRUE,FALSE
"3727",TRUE,FALSE
"3728",TRUE,FALSE
"3729",TRUE,TRUE
"3730",TRUE,FALSE
"3731",TRUE,FALSE
"3732",FALSE,TRUE
"3733",TRUE,TRUE
"3734",TRUE,TRUE
"3735",TRUE,FALSE
"3736",TRUE,TRUE
"3737",TRUE,TRUE
"3738",TRUE,TRUE
"3739",TRUE,TRUE
"3740",TRUE,FALSE
"3741",TRUE,FALSE
"3742",TRUE,FALSE
"3743",TRUE,FALSE
"3744",TRUE,FALSE
"3745",TRUE,FALSE
"3746",TRUE,TRUE
"3747",TRUE,TRUE
"3748",TRUE,FALSE
"3749",TRUE,FALSE
"3750",TRUE,FALSE
"3751",TRUE,FALSE
"3752",TRUE,TRUE
"3753",TRUE,TRUE
"3754",TRUE,TRUE
"3755",TRUE,FALSE
"3756",TRUE,TRUE
"3757",TRUE,TRUE
"3758",TRUE,FALSE
"3759",TRUE,FALSE
"3760",TRUE,FALSE
"3761",TRUE,FALSE
"3762",TRUE,TRUE
"3763",TRUE,TRUE
"3764",TRUE,TRUE
"3765",TRUE,TRUE
"3766",TRUE,FALSE
"3767",TRUE,FALSE
"3768",TRUE,FALSE
"3769",TRUE,TRUE
"3770",TRUE,FALSE
"3771",TRUE,FALSE
"3772",TRUE,FALSE
"3773",TRUE,FALSE
"3774",TRUE,TRUE
"3775",TRUE,FALSE
"3776",TRUE,FALSE
"3777",TRUE,FALSE
"3778",TRUE,FALSE
"3779",TRUE,TRUE
"3780",TRUE,TRUE
"3781",TRUE,TRUE
"3782",FALSE,TRUE
"3783",TRUE,FALSE
"3784",TRUE,FALSE
"3785",TRUE,TRUE
"3786",FALSE,TRUE
"3787",FALSE,FALSE
"3788",TRUE,TRUE
"3789",FALSE,TRUE
"3790",TRUE,FALSE
"3791",TRUE,FALSE
"3792",TRUE,FALSE
"3793",TRUE,FALSE
"3794",TRUE,FALSE
"3795",TRUE,TRUE
"3796",TRUE,TRUE
"3797",TRUE,TRUE
"3798",TRUE,TRUE
"3799",TRUE,FALSE
"3800",FALSE,FALSE
"3801",FALSE,TRUE
"3802",FALSE,TRUE
"3803",FALSE,TRUE
"3804",TRUE,FALSE
"3805",TRUE,FALSE
"3806",TRUE,FALSE
"3807",TRUE,FALSE
"3808",TRUE,FALSE
"3809",TRUE,FALSE
"3810",TRUE,FALSE
"3811",TRUE,TRUE
"3812",TRUE,FALSE
"3813",TRUE,TRUE
"3814",TRUE,TRUE
"3815",TRUE,TRUE
"3816",TRUE,FALSE
"3817",TRUE,FALSE
"3818",TRUE,FALSE
"3819",TRUE,TRUE
"3820",TRUE,TRUE
"3821",TRUE,FALSE
"3822",TRUE,FALSE
"3823",TRUE,TRUE
"3824",TRUE,TRUE
"3825",TRUE,TRUE
"3826",TRUE,TRUE
"3827",TRUE,FALSE
"3828",TRUE,FALSE
"3829",TRUE,TRUE
"3830",TRUE,FALSE
"3831",TRUE,FALSE
"3832",TRUE,FALSE
"3833",TRUE,FALSE
"3834",TRUE,FALSE
"3835",TRUE,TRUE
"3836",TRUE,FALSE
"3837",TRUE,TRUE
"3838",TRUE,FALSE
"3839",TRUE,TRUE
"3840",TRUE,FALSE
"3841",TRUE,FALSE
"3842",TRUE,TRUE
"3843",TRUE,TRUE
"3844",TRUE,FALSE
"3845",TRUE,FALSE
"3846",TRUE,FALSE
"3847",TRUE,FALSE
"3848",TRUE,TRUE
"3849",TRUE,FALSE
"3850",TRUE,FALSE
"3851",TRUE,FALSE
"3852",TRUE,FALSE
"3853",TRUE,TRUE
"3854",TRUE,FALSE
"3855",TRUE,FALSE
"3856",TRUE,TRUE
"3857",TRUE,TRUE
"3858",TRUE,FALSE
"3859",TRUE,TRUE
"3860",TRUE,FALSE
"3861",TRUE,FALSE
"3862",TRUE,FALSE
"3863",TRUE,TRUE
"3864",TRUE,FALSE
"3865",TRUE,FALSE
"3866",TRUE,TRUE
"3867",TRUE,TRUE
"3868",TRUE,FALSE
"3869",TRUE,TRUE
"3870",TRUE,TRUE
"3871",TRUE,FALSE
"3872",TRUE,FALSE
"3873",TRUE,FALSE
"3874",TRUE,FALSE
"3875",TRUE,FALSE
"3876",TRUE,TRUE
"3877",TRUE,TRUE
"3878",TRUE,TRUE
"3879",TRUE,FALSE
"3880",TRUE,TRUE
"3881",TRUE,TRUE
"3882",TRUE,TRUE
"3883",TRUE,TRUE
"3884",TRUE,TRUE
"3885",TRUE,TRUE
"3886",TRUE,FALSE
"3887",TRUE,TRUE
"3888",TRUE,FALSE
"3889",TRUE,TRUE
"3890",TRUE,TRUE
"3891",TRUE,TRUE
"3892",TRUE,TRUE
"3893",TRUE,TRUE
"3894",TRUE,TRUE
"3895",TRUE,TRUE
"3896",TRUE,TRUE
"3897",TRUE,FALSE
"3898",TRUE,TRUE
"3899",TRUE,TRUE
"3900",TRUE,TRUE
"3901",TRUE,FALSE
"3902",TRUE,TRUE
"3903",TRUE,TRUE
"3904",TRUE,TRUE
"3905",TRUE,FALSE
"3906",TRUE,TRUE
"3907",TRUE,TRUE
"3908",FALSE,TRUE
"3909",TRUE,TRUE
"3910",FALSE,TRUE
"3911",TRUE,FALSE
"3912",TRUE,TRUE
"3913",TRUE,FALSE
"3914",TRUE,FALSE
"3915",TRUE,FALSE
"3916",TRUE,TRUE
"3917",TRUE,FALSE
"3918",TRUE,TRUE
"3919",TRUE,FALSE
"3920",TRUE,TRUE
"3921",TRUE,TRUE
"3922",TRUE,FALSE
"3923",TRUE,FALSE
"3924",TRUE,FALSE
"3925",TRUE,TRUE
"3926",TRUE,TRUE
"3927",TRUE,TRUE
"3928",TRUE,TRUE
"3929",TRUE,FALSE
"3930",TRUE,FALSE
"3931",TRUE,FALSE
"3932",TRUE,FALSE
"3933",TRUE,FALSE
"3934",TRUE,TRUE
"3935",TRUE,FALSE
"3936",TRUE,FALSE
"3937",TRUE,FALSE
"3938",TRUE,FALSE
"3939",TRUE,FALSE
"3940",TRUE,FALSE
"3941",TRUE,TRUE
"3942",TRUE,FALSE
"3943",TRUE,TRUE
"3944",TRUE,TRUE
"3945",TRUE,TRUE
"3946",FALSE,TRUE
"3947",TRUE,FALSE
"3948",TRUE,TRUE
"3949",TRUE,FALSE
"3950",TRUE,TRUE
"3951",TRUE,TRUE
"3952",TRUE,FALSE
"3953",TRUE,FALSE
"3954",TRUE,FALSE
"3955",TRUE,TRUE
"3956",TRUE,FALSE
"3957",TRUE,TRUE
"3958",TRUE,TRUE
"3959",TRUE,TRUE
"3960",TRUE,TRUE
"3961",TRUE,TRUE
"3962",TRUE,TRUE
"3963",TRUE,FALSE
"3964",FALSE,TRUE
"3965",TRUE,FALSE
"3966",TRUE,TRUE
"3967",TRUE,TRUE
"3968",TRUE,TRUE
"3969",TRUE,TRUE
"3970",TRUE,FALSE
"3971",TRUE,TRUE
"3972",TRUE,TRUE
"3973",TRUE,TRUE
"3974",TRUE,TRUE
"3975",TRUE,FALSE
"3976",TRUE,TRUE
"3977",TRUE,FALSE
"3978",TRUE,FALSE
"3979",TRUE,TRUE
"3980",TRUE,FALSE
"3981",TRUE,FALSE
"3982",TRUE,FALSE
"3983",TRUE,FALSE
"3984",TRUE,TRUE
"3985",TRUE,FALSE
"3986",TRUE,TRUE
"3987",TRUE,TRUE
"3988",TRUE,TRUE
"3989",TRUE,TRUE
"3990",TRUE,TRUE
"3991",TRUE,TRUE
"3992",TRUE,TRUE
"3993",TRUE,FALSE
"3994",TRUE,TRUE
"3995",TRUE,TRUE
"3996",TRUE,FALSE
"3997",TRUE,TRUE
"3998",TRUE,FALSE
"3999",TRUE,TRUE
"4000",TRUE,TRUE
"4001",TRUE,FALSE
"4002",TRUE,FALSE
"4003",TRUE,TRUE
"4004",TRUE,FALSE
"4005",TRUE,TRUE
"4006",TRUE,TRUE
"4007",TRUE,FALSE
"4008",TRUE,TRUE
"4009",TRUE,FALSE
"4010",TRUE,TRUE
"4011",TRUE,FALSE
"4012",TRUE,FALSE
"4013",TRUE,TRUE
"4014",TRUE,TRUE
"4015",TRUE,FALSE
"4016",TRUE,TRUE
"4017",TRUE,FALSE
"4018",TRUE,FALSE
"4019",TRUE,FALSE
"4020",TRUE,FALSE
"4021",TRUE,TRUE
"4022",FALSE,TRUE
"4023",TRUE,FALSE
"4024",FALSE,FALSE
"4025",FALSE,FALSE
"4026",FALSE,TRUE
"4027",FALSE,FALSE
"4028",FALSE,TRUE
"4029",FALSE,FALSE
"4030",TRUE,FALSE
"4031",TRUE,TRUE
"4032",TRUE,TRUE
"4033",TRUE,TRUE
"4034",TRUE,TRUE
"4035",TRUE,TRUE
"4036",TRUE,TRUE
"4037",TRUE,TRUE
"4038",TRUE,FALSE
"4039",TRUE,TRUE
"4040",FALSE,TRUE
"4041",FALSE,TRUE
"4042",TRUE,TRUE
"4043",TRUE,TRUE
"4044",TRUE,TRUE
"4045",TRUE,TRUE
"4046",TRUE,TRUE
"4047",TRUE,TRUE
"4048",TRUE,FALSE
"4049",TRUE,TRUE
"4050",TRUE,TRUE
"4051",TRUE,FALSE
"4052",TRUE,FALSE
"4053",TRUE,TRUE
"4054",TRUE,FALSE
"4055",TRUE,FALSE
"4056",TRUE,FALSE
"4057",TRUE,TRUE
"4058",TRUE,FALSE
"4059",TRUE,FALSE
"4060",TRUE,FALSE
"4061",TRUE,FALSE
"4062",TRUE,FALSE
"4063",TRUE,FALSE
"4064",TRUE,FALSE
"4065",TRUE,FALSE
"4066",TRUE,FALSE
"4067",TRUE,TRUE
"4068",TRUE,FALSE
"4069",TRUE,FALSE
"4070",TRUE,FALSE
"4071",TRUE,FALSE
"4072",TRUE,TRUE
"4073",TRUE,FALSE
"4074",TRUE,FALSE
"4075",TRUE,TRUE
"4076",TRUE,FALSE
"4077",TRUE,TRUE
"4078",TRUE,FALSE
"4079",TRUE,FALSE
"4080",TRUE,FALSE
"4081",TRUE,TRUE
"4082",TRUE,TRUE
"4083",TRUE,FALSE
"4084",TRUE,FALSE
"4085",TRUE,TRUE
"4086",TRUE,TRUE
"4087",TRUE,FALSE
"4088",TRUE,FALSE
"4089",TRUE,FALSE
"4090",TRUE,TRUE
"4091",TRUE,TRUE
"4092",TRUE,TRUE
"4093",TRUE,FALSE
"4094",FALSE,TRUE
"4095",TRUE,FALSE
"4096",TRUE,FALSE
"4097",TRUE,TRUE
"4098",TRUE,FALSE
"4099",TRUE,TRUE
"4100",TRUE,TRUE
"4101",TRUE,FALSE
"4102",TRUE,FALSE
"4103",TRUE,TRUE
"4104",FALSE,FALSE
"4105",TRUE,TRUE
"4106",TRUE,FALSE
"4107",TRUE,FALSE
"4108",TRUE,TRUE
"4109",TRUE,FALSE
"4110",TRUE,FALSE
"4111",TRUE,FALSE
"4112",TRUE,FALSE
"4113",TRUE,FALSE
"4114",TRUE,FALSE
"4115",TRUE,FALSE
"4116",TRUE,TRUE
"4117",FALSE,TRUE
"4118",FALSE,TRUE
"4119",TRUE,TRUE
"4120",TRUE,FALSE
"4121",TRUE,TRUE
"4122",TRUE,FALSE
"4123",TRUE,FALSE
"4124",TRUE,FALSE
"4125",TRUE,FALSE
"4126",TRUE,TRUE
"4127",TRUE,TRUE
"4128",TRUE,TRUE
"4129",TRUE,FALSE
"4130",TRUE,TRUE
"4131",TRUE,TRUE
"4132",TRUE,FALSE
"4133",TRUE,FALSE
"4134",TRUE,FALSE
"4135",TRUE,FALSE
"4136",FALSE,FALSE
"4137",FALSE,FALSE
"4138",TRUE,FALSE
"4139",TRUE,TRUE
"4140",TRUE,TRUE
"4141",TRUE,TRUE
"4142",TRUE,FALSE
"4143",TRUE,TRUE
"4144",TRUE,TRUE
"4145",TRUE,FALSE
"4146",TRUE,TRUE
"4147",TRUE,FALSE
"4148",TRUE,FALSE
"4149",TRUE,FALSE
"4150",TRUE,FALSE
"4151",TRUE,FALSE
"4152",TRUE,TRUE
"4153",TRUE,FALSE
"4154",TRUE,FALSE
"4155",TRUE,TRUE
"4156",FALSE,TRUE
"4157",TRUE,TRUE
"4158",TRUE,FALSE
"4159",TRUE,TRUE
"4160",TRUE,TRUE
"4161",TRUE,FALSE
"4162",TRUE,FALSE
"4163",TRUE,FALSE
"4164",TRUE,TRUE
"4165",TRUE,TRUE
"4166",TRUE,TRUE
"4167",TRUE,FALSE
"4168",TRUE,FALSE
"4169",TRUE,TRUE
"4170",TRUE,FALSE
"4171",TRUE,FALSE
"4172",TRUE,TRUE
"4173",TRUE,TRUE
"4174",TRUE,FALSE
"4175",TRUE,TRUE
"4176",TRUE,TRUE
"4177",TRUE,FALSE
"4178",TRUE,TRUE
"4179",TRUE,TRUE
"4180",TRUE,FALSE
"4181",TRUE,TRUE
"4182",TRUE,TRUE
"4183",TRUE,TRUE
"4184",TRUE,TRUE
"4185",TRUE,FALSE
"4186",TRUE,TRUE
"4187",TRUE,FALSE
"4188",TRUE,FALSE
"4189",TRUE,TRUE
"4190",TRUE,TRUE
"4191",TRUE,FALSE
"4192",TRUE,TRUE
"4193",TRUE,FALSE
"4194",TRUE,TRUE
"4195",TRUE,FALSE
"4196",TRUE,FALSE
"4197",TRUE,FALSE
"4198",TRUE,FALSE
"4199",FALSE,TRUE
"4200",TRUE,TRUE
"4201",FALSE,TRUE
"4202",FALSE,TRUE
"4203",TRUE,TRUE
"4204",TRUE,TRUE
"4205",TRUE,FALSE
"4206",TRUE,TRUE
"4207",TRUE,FALSE
"4208",TRUE,TRUE
"4209",TRUE,TRUE
"4210",FALSE,TRUE
"4211",FALSE,TRUE
"4212",TRUE,FALSE
"4213",TRUE,TRUE
"4214",TRUE,FALSE
"4215",TRUE,TRUE
"4216",TRUE,TRUE
"4217",TRUE,FALSE
"4218",TRUE,FALSE
"4219",TRUE,FALSE
"4220",TRUE,TRUE
"4221",TRUE,TRUE
"4222",TRUE,TRUE
"4223",TRUE,TRUE
"4224",TRUE,TRUE
"4225",TRUE,TRUE
"4226",TRUE,FALSE
"4227",TRUE,TRUE
"4228",TRUE,TRUE
"4229",TRUE,FALSE
"4230",TRUE,TRUE
"4231",TRUE,TRUE
"4232",TRUE,TRUE
"4233",TRUE,TRUE
"4234",TRUE,FALSE
"4235",TRUE,TRUE
"4236",TRUE,FALSE
"4237",TRUE,TRUE
"4238",TRUE,TRUE
"4239",TRUE,TRUE
"4240",TRUE,TRUE
"4241",TRUE,FALSE
"4242",TRUE,FALSE
"4243",TRUE,TRUE
"4244",TRUE,TRUE
"4245",TRUE,TRUE
"4246",TRUE,TRUE
"4247",TRUE,FALSE
"4248",TRUE,TRUE
"4249",TRUE,FALSE
"4250",TRUE,TRUE
"4251",TRUE,TRUE
"4252",TRUE,FALSE
"4253",TRUE,TRUE
"4254",TRUE,TRUE
"4255",TRUE,FALSE
"4256",TRUE,FALSE
"4257",TRUE,TRUE
"4258",TRUE,FALSE
"4259",TRUE,FALSE
"4260",TRUE,TRUE
"4261",TRUE,TRUE
"4262",TRUE,FALSE
"4263",TRUE,TRUE
"4264",TRUE,FALSE
"4265",TRUE,TRUE
"4266",TRUE,FALSE
"4267",TRUE,FALSE
"4268",TRUE,FALSE
"4269",TRUE,TRUE
"4270",TRUE,TRUE
"4271",TRUE,FALSE
"4272",TRUE,FALSE
"4273",TRUE,FALSE
"4274",TRUE,TRUE
"4275",TRUE,TRUE
"4276",TRUE,FALSE
"4277",TRUE,FALSE
"4278",TRUE,TRUE
"4279",TRUE,TRUE
"4280",TRUE,TRUE
"4281",TRUE,TRUE
"4282",TRUE,TRUE
"4283",TRUE,FALSE
"4284",TRUE,FALSE
"4285",TRUE,FALSE
"4286",TRUE,TRUE
"4287",TRUE,FALSE
"4288",TRUE,TRUE
"4289",TRUE,FALSE
"4290",TRUE,TRUE
"4291",TRUE,FALSE
"4292",TRUE,TRUE
"4293",TRUE,TRUE
"4294",TRUE,FALSE
"4295",TRUE,FALSE
"4296",TRUE,TRUE
"4297",TRUE,TRUE
"4298",TRUE,TRUE
"4299",TRUE,FALSE
"4300",TRUE,TRUE
"4301",TRUE,FALSE
"4302",TRUE,TRUE
"4303",TRUE,TRUE
"4304",TRUE,FALSE
"4305",TRUE,FALSE
"4306",TRUE,FALSE
"4307",TRUE,TRUE
"4308",TRUE,TRUE
"4309",TRUE,FALSE
"4310",TRUE,FALSE
"4311",TRUE,TRUE
"4312",TRUE,TRUE
"4313",TRUE,FALSE
"4314",TRUE,TRUE
"4315",TRUE,TRUE
"4316",TRUE,FALSE
"4317",TRUE,TRUE
"4318",FALSE,TRUE
"4319",TRUE,FALSE
"4320",TRUE,FALSE
"4321",TRUE,TRUE
"4322",TRUE,TRUE
"4323",TRUE,FALSE
"4324",TRUE,FALSE
"4325",TRUE,TRUE
"4326",TRUE,FALSE
"4327",TRUE,FALSE
"4328",TRUE,TRUE
"4329",TRUE,FALSE
"4330",TRUE,FALSE
"4331",TRUE,FALSE
"4332",TRUE,FALSE
"4333",TRUE,TRUE
"4334",TRUE,FALSE
"4335",TRUE,TRUE
"4336",TRUE,FALSE
"4337",TRUE,TRUE
"4338",TRUE,FALSE
"4339",TRUE,FALSE
"4340",TRUE,TRUE
"4341",TRUE,FALSE
"4342",TRUE,TRUE
"4343",TRUE,TRUE
"4344",TRUE,TRUE
"4345",TRUE,FALSE
"4346",FALSE,TRUE
"4347",TRUE,FALSE
