"","x"
"1",TRUE
"2",FALSE
"3",FALSE
"4",FALSE
"5",FALSE
"6",TRUE
"7",FALSE
"8",TRUE
"9",FALSE
"10",TRUE
"11",TRUE
"12",TRUE
"13",FALSE
"14",TRUE
"15",TRUE
"16",FALSE
"17",FALSE
"18",TRUE
"19",FALSE
"20",TRUE
"21",FALSE
"22",TRUE
"23",FALSE
"24",TRUE
"25",TRUE
"26",FALSE
"27",TRUE
"28",TRUE
"29",TRUE
"30",FALSE
"31",FALSE
"32",FALSE
"33",TRUE
"34",FALSE
"35",TRUE
"36",TRUE
"37",TRUE
"38",FALSE
"39",FALSE
"40",FALSE
"41",FALSE
"42",FALSE
"43",TRUE
"44",FALSE
"45",TRUE
"46",TRUE
"47",FALSE
"48",FALSE
"49",TRUE
"50",TRUE
"51",FALSE
"52",TRUE
"53",TRUE
"54",TRUE
"55",FALSE
"56",TRUE
"57",TRUE
"58",FALSE
"59",FALSE
"60",TRUE
"61",FALSE
"62",TRUE
"63",FALSE
"64",FALSE
"65",TRUE
"66",FALSE
"67",TRUE
"68",FALSE
"69",TRUE
"70",FALSE
"71",TRUE
"72",FALSE
"73",FALSE
"74",TRUE
"75",FALSE
"76",FALSE
"77",TRUE
"78",TRUE
"79",TRUE
"80",TRUE
"81",FALSE
"82",FALSE
"83",FALSE
"84",FALSE
"85",TRUE
"86",TRUE
"87",FALSE
"88",TRUE
"89",FALSE
"90",FALSE
"91",FALSE
"92",TRUE
"93",FALSE
"94",FALSE
"95",FALSE
"96",FALSE
"97",TRUE
"98",TRUE
"99",FALSE
"100",FALSE
"101",TRUE
"102",TRUE
"103",TRUE
"104",TRUE
"105",TRUE
"106",FALSE
"107",FALSE
"108",FALSE
"109",FALSE
"110",TRUE
"111",FALSE
"112",FALSE
"113",TRUE
"114",FALSE
"115",FALSE
"116",TRUE
"117",FALSE
"118",TRUE
"119",TRUE
"120",TRUE
"121",TRUE
"122",FALSE
"123",TRUE
"124",FALSE
"125",FALSE
"126",TRUE
"127",FALSE
"128",FALSE
"129",TRUE
"130",TRUE
"131",FALSE
"132",FALSE
"133",FALSE
"134",TRUE
"135",FALSE
"136",FALSE
"137",FALSE
"138",FALSE
"139",FALSE
"140",TRUE
"141",FALSE
"142",FALSE
"143",TRUE
"144",FALSE
"145",FALSE
"146",TRUE
"147",TRUE
"148",TRUE
"149",TRUE
"150",FALSE
"151",FALSE
"152",FALSE
"153",FALSE
"154",FALSE
"155",TRUE
"156",TRUE
"157",FALSE
"158",TRUE
"159",FALSE
"160",FALSE
"161",TRUE
"162",TRUE
"163",FALSE
"164",FALSE
"165",TRUE
"166",TRUE
"167",TRUE
"168",FALSE
"169",TRUE
"170",TRUE
"171",FALSE
"172",TRUE
"173",TRUE
"174",FALSE
"175",FALSE
"176",FALSE
"177",TRUE
"178",FALSE
"179",TRUE
"180",FALSE
"181",FALSE
"182",TRUE
"183",TRUE
"184",FALSE
"185",FALSE
"186",TRUE
"187",FALSE
"188",FALSE
"189",FALSE
"190",TRUE
"191",FALSE
"192",FALSE
"193",TRUE
"194",FALSE
"195",FALSE
"196",FALSE
"197",FALSE
"198",FALSE
"199",FALSE
"200",FALSE
"201",TRUE
"202",TRUE
"203",FALSE
"204",FALSE
"205",TRUE
"206",FALSE
"207",TRUE
"208",TRUE
"209",TRUE
"210",FALSE
"211",TRUE
"212",FALSE
"213",FALSE
"214",FALSE
"215",TRUE
"216",FALSE
"217",FALSE
"218",FALSE
"219",FALSE
"220",FALSE
"221",FALSE
"222",FALSE
"223",TRUE
"224",FALSE
"225",FALSE
"226",TRUE
"227",TRUE
"228",TRUE
"229",TRUE
"230",TRUE
"231",TRUE
"232",TRUE
"233",FALSE
"234",FALSE
"235",FALSE
"236",FALSE
"237",TRUE
"238",TRUE
"239",FALSE
"240",FALSE
"241",TRUE
"242",TRUE
"243",FALSE
"244",FALSE
"245",FALSE
"246",TRUE
"247",FALSE
"248",FALSE
"249",TRUE
"250",FALSE
"251",FALSE
"252",FALSE
"253",FALSE
"254",FALSE
"255",FALSE
"256",FALSE
"257",FALSE
"258",FALSE
"259",TRUE
"260",FALSE
"261",TRUE
"262",TRUE
"263",FALSE
"264",FALSE
"265",FALSE
"266",FALSE
"267",TRUE
"268",TRUE
"269",TRUE
"270",TRUE
"271",TRUE
"272",TRUE
"273",TRUE
"274",FALSE
"275",TRUE
"276",FALSE
"277",FALSE
"278",FALSE
"279",FALSE
"280",FALSE
"281",TRUE
"282",TRUE
"283",TRUE
"284",TRUE
"285",FALSE
"286",TRUE
"287",FALSE
"288",TRUE
"289",FALSE
"290",FALSE
"291",TRUE
"292",TRUE
"293",TRUE
"294",FALSE
"295",FALSE
"296",TRUE
"297",FALSE
"298",TRUE
"299",FALSE
"300",FALSE
"301",FALSE
"302",FALSE
"303",FALSE
"304",TRUE
"305",FALSE
"306",FALSE
"307",TRUE
"308",FALSE
"309",FALSE
"310",FALSE
"311",FALSE
"312",FALSE
"313",FALSE
"314",FALSE
"315",FALSE
"316",FALSE
"317",FALSE
"318",FALSE
"319",FALSE
"320",FALSE
"321",FALSE
"322",FALSE
"323",TRUE
"324",FALSE
"325",FALSE
"326",FALSE
"327",TRUE
"328",FALSE
"329",FALSE
"330",TRUE
"331",TRUE
"332",FALSE
"333",TRUE
"334",TRUE
"335",FALSE
"336",FALSE
"337",TRUE
"338",TRUE
"339",TRUE
"340",FALSE
"341",FALSE
"342",TRUE
"343",FALSE
"344",FALSE
"345",TRUE
"346",FALSE
"347",TRUE
"348",TRUE
"349",FALSE
"350",TRUE
"351",FALSE
"352",FALSE
"353",FALSE
"354",FALSE
"355",FALSE
"356",FALSE
"357",FALSE
"358",FALSE
"359",FALSE
"360",TRUE
"361",FALSE
"362",FALSE
"363",FALSE
"364",FALSE
"365",TRUE
"366",FALSE
"367",FALSE
"368",TRUE
"369",FALSE
"370",TRUE
"371",TRUE
"372",FALSE
"373",TRUE
"374",FALSE
"375",TRUE
"376",TRUE
"377",FALSE
"378",FALSE
"379",FALSE
"380",FALSE
"381",TRUE
"382",TRUE
"383",TRUE
"384",FALSE
"385",TRUE
"386",FALSE
"387",TRUE
"388",TRUE
"389",TRUE
"390",FALSE
"391",FALSE
"392",FALSE
"393",TRUE
"394",TRUE
"395",FALSE
"396",FALSE
"397",FALSE
"398",TRUE
"399",FALSE
"400",FALSE
"401",FALSE
"402",TRUE
"403",TRUE
"404",TRUE
"405",TRUE
"406",FALSE
"407",TRUE
"408",FALSE
"409",TRUE
"410",FALSE
"411",FALSE
"412",FALSE
"413",FALSE
"414",FALSE
"415",TRUE
"416",FALSE
"417",FALSE
"418",FALSE
"419",TRUE
"420",FALSE
"421",FALSE
"422",FALSE
"423",FALSE
"424",FALSE
"425",FALSE
"426",FALSE
"427",TRUE
"428",FALSE
"429",TRUE
"430",FALSE
"431",TRUE
"432",FALSE
"433",TRUE
"434",TRUE
"435",TRUE
"436",TRUE
"437",TRUE
"438",FALSE
"439",TRUE
"440",FALSE
"441",FALSE
"442",FALSE
"443",FALSE
"444",FALSE
"445",FALSE
"446",TRUE
"447",FALSE
"448",FALSE
"449",FALSE
"450",FALSE
"451",FALSE
"452",FALSE
"453",TRUE
"454",FALSE
"455",TRUE
"456",FALSE
"457",FALSE
"458",FALSE
"459",FALSE
"460",FALSE
"461",FALSE
"462",TRUE
"463",TRUE
"464",FALSE
"465",TRUE
"466",FALSE
"467",TRUE
"468",FALSE
"469",TRUE
"470",FALSE
"471",FALSE
"472",FALSE
"473",FALSE
"474",FALSE
"475",FALSE
"476",FALSE
"477",TRUE
"478",TRUE
"479",FALSE
"480",FALSE
"481",TRUE
"482",TRUE
"483",FALSE
"484",FALSE
"485",TRUE
"486",FALSE
"487",FALSE
"488",FALSE
"489",FALSE
"490",FALSE
"491",FALSE
"492",TRUE
"493",FALSE
"494",FALSE
"495",TRUE
"496",TRUE
"497",TRUE
"498",TRUE
"499",TRUE
"500",TRUE
"501",TRUE
"502",TRUE
"503",FALSE
"504",TRUE
"505",TRUE
"506",TRUE
"507",TRUE
"508",TRUE
"509",FALSE
"510",FALSE
"511",FALSE
"512",TRUE
"513",TRUE
"514",TRUE
"515",FALSE
"516",TRUE
"517",FALSE
"518",TRUE
"519",FALSE
"520",FALSE
"521",FALSE
"522",FALSE
"523",FALSE
"524",FALSE
"525",TRUE
"526",TRUE
"527",FALSE
"528",FALSE
"529",FALSE
"530",FALSE
"531",TRUE
"532",TRUE
"533",TRUE
"534",FALSE
"535",FALSE
"536",TRUE
"537",FALSE
"538",FALSE
"539",TRUE
"540",TRUE
"541",TRUE
"542",FALSE
"543",FALSE
"544",FALSE
"545",TRUE
"546",FALSE
"547",FALSE
"548",FALSE
"549",TRUE
"550",FALSE
"551",TRUE
"552",FALSE
"553",TRUE
"554",FALSE
"555",FALSE
"556",FALSE
"557",FALSE
"558",FALSE
"559",TRUE
"560",FALSE
"561",TRUE
"562",TRUE
"563",TRUE
"564",TRUE
"565",TRUE
"566",TRUE
"567",TRUE
"568",FALSE
"569",FALSE
"570",FALSE
"571",FALSE
"572",FALSE
"573",FALSE
"574",FALSE
"575",FALSE
"576",FALSE
"577",FALSE
"578",FALSE
"579",TRUE
"580",FALSE
"581",FALSE
"582",FALSE
"583",TRUE
"584",FALSE
"585",FALSE
"586",TRUE
"587",FALSE
"588",FALSE
"589",FALSE
"590",FALSE
"591",FALSE
"592",FALSE
"593",FALSE
"594",FALSE
"595",TRUE
"596",FALSE
"597",FALSE
"598",FALSE
"599",FALSE
"600",FALSE
"601",FALSE
"602",FALSE
"603",FALSE
"604",FALSE
"605",TRUE
"606",TRUE
"607",TRUE
"608",FALSE
"609",FALSE
"610",FALSE
"611",FALSE
"612",FALSE
"613",FALSE
"614",TRUE
"615",FALSE
"616",FALSE
"617",FALSE
"618",TRUE
"619",TRUE
"620",TRUE
"621",FALSE
"622",FALSE
"623",FALSE
"624",FALSE
"625",FALSE
"626",FALSE
"627",FALSE
"628",FALSE
"629",FALSE
"630",TRUE
"631",FALSE
"632",TRUE
"633",FALSE
"634",FALSE
"635",FALSE
"636",FALSE
"637",TRUE
"638",TRUE
"639",TRUE
"640",TRUE
"641",TRUE
"642",FALSE
"643",FALSE
"644",FALSE
"645",FALSE
"646",TRUE
"647",TRUE
"648",FALSE
"649",TRUE
"650",TRUE
"651",FALSE
"652",FALSE
"653",FALSE
"654",TRUE
"655",FALSE
"656",FALSE
"657",FALSE
"658",TRUE
"659",FALSE
"660",TRUE
"661",FALSE
"662",FALSE
"663",FALSE
"664",FALSE
"665",TRUE
"666",FALSE
"667",FALSE
"668",FALSE
"669",TRUE
"670",FALSE
"671",FALSE
"672",FALSE
"673",FALSE
"674",FALSE
"675",FALSE
"676",FALSE
"677",FALSE
"678",FALSE
"679",FALSE
"680",FALSE
"681",FALSE
"682",FALSE
"683",FALSE
"684",FALSE
"685",FALSE
"686",FALSE
"687",FALSE
"688",FALSE
"689",FALSE
"690",FALSE
"691",FALSE
"692",TRUE
"693",TRUE
"694",FALSE
"695",FALSE
"696",FALSE
"697",TRUE
"698",FALSE
"699",TRUE
"700",FALSE
"701",FALSE
"702",FALSE
"703",TRUE
"704",FALSE
"705",FALSE
"706",FALSE
"707",FALSE
"708",FALSE
"709",FALSE
"710",FALSE
"711",FALSE
"712",FALSE
"713",FALSE
"714",FALSE
"715",FALSE
"716",FALSE
"717",FALSE
"718",FALSE
"719",TRUE
"720",TRUE
"721",FALSE
"722",FALSE
"723",FALSE
"724",TRUE
"725",FALSE
"726",TRUE
"727",FALSE
"728",FALSE
"729",TRUE
"730",TRUE
"731",TRUE
"732",FALSE
"733",FALSE
"734",TRUE
"735",FALSE
"736",FALSE
"737",FALSE
"738",FALSE
"739",FALSE
"740",FALSE
"741",FALSE
"742",FALSE
"743",FALSE
"744",FALSE
"745",FALSE
"746",FALSE
"747",TRUE
"748",FALSE
"749",FALSE
"750",TRUE
"751",FALSE
"752",FALSE
"753",TRUE
"754",FALSE
"755",FALSE
"756",FALSE
"757",TRUE
"758",TRUE
"759",FALSE
"760",FALSE
"761",FALSE
"762",FALSE
"763",FALSE
"764",FALSE
"765",FALSE
"766",TRUE
"767",FALSE
"768",FALSE
"769",FALSE
"770",TRUE
"771",TRUE
"772",FALSE
"773",FALSE
"774",FALSE
"775",FALSE
"776",FALSE
"777",TRUE
"778",FALSE
"779",FALSE
"780",TRUE
"781",FALSE
"782",TRUE
"783",FALSE
"784",TRUE
"785",FALSE
"786",FALSE
"787",FALSE
"788",FALSE
"789",TRUE
"790",FALSE
"791",FALSE
"792",FALSE
"793",TRUE
"794",FALSE
"795",FALSE
"796",TRUE
"797",FALSE
"798",TRUE
"799",TRUE
"800",TRUE
"801",TRUE
"802",FALSE
"803",FALSE
"804",FALSE
"805",FALSE
"806",FALSE
"807",FALSE
"808",FALSE
"809",FALSE
"810",FALSE
"811",FALSE
"812",FALSE
"813",TRUE
"814",FALSE
"815",FALSE
"816",FALSE
"817",TRUE
"818",FALSE
"819",FALSE
"820",FALSE
"821",FALSE
"822",FALSE
"823",FALSE
"824",FALSE
"825",FALSE
"826",TRUE
"827",FALSE
"828",FALSE
"829",FALSE
"830",FALSE
"831",FALSE
"832",TRUE
"833",TRUE
"834",FALSE
"835",FALSE
"836",FALSE
"837",FALSE
"838",TRUE
"839",FALSE
"840",TRUE
"841",TRUE
"842",FALSE
"843",FALSE
"844",FALSE
"845",FALSE
"846",FALSE
"847",FALSE
"848",FALSE
"849",FALSE
"850",FALSE
"851",FALSE
"852",FALSE
"853",FALSE
"854",TRUE
"855",FALSE
"856",FALSE
"857",FALSE
"858",TRUE
"859",TRUE
"860",TRUE
"861",TRUE
"862",TRUE
"863",FALSE
"864",TRUE
"865",TRUE
"866",TRUE
"867",FALSE
"868",TRUE
"869",FALSE
"870",FALSE
"871",FALSE
"872",TRUE
"873",TRUE
"874",FALSE
"875",FALSE
"876",FALSE
"877",FALSE
"878",TRUE
"879",FALSE
"880",FALSE
"881",FALSE
"882",FALSE
"883",FALSE
"884",FALSE
"885",FALSE
"886",TRUE
"887",FALSE
"888",FALSE
"889",FALSE
"890",TRUE
"891",TRUE
"892",FALSE
"893",TRUE
"894",TRUE
"895",TRUE
"896",FALSE
"897",FALSE
"898",FALSE
"899",FALSE
"900",TRUE
"901",FALSE
"902",TRUE
"903",FALSE
"904",FALSE
"905",FALSE
"906",TRUE
"907",FALSE
"908",TRUE
"909",FALSE
"910",FALSE
"911",FALSE
"912",FALSE
"913",FALSE
"914",FALSE
"915",TRUE
"916",FALSE
"917",FALSE
"918",FALSE
"919",TRUE
"920",FALSE
"921",FALSE
"922",FALSE
"923",TRUE
"924",TRUE
"925",TRUE
"926",TRUE
"927",FALSE
"928",TRUE
"929",TRUE
"930",FALSE
"931",TRUE
"932",FALSE
"933",FALSE
"934",TRUE
"935",TRUE
"936",TRUE
"937",TRUE
"938",TRUE
"939",FALSE
"940",FALSE
"941",FALSE
"942",FALSE
"943",TRUE
"944",TRUE
"945",FALSE
"946",TRUE
"947",TRUE
"948",TRUE
"949",FALSE
"950",TRUE
"951",TRUE
"952",FALSE
"953",FALSE
"954",FALSE
"955",FALSE
"956",FALSE
"957",FALSE
"958",FALSE
"959",FALSE
"960",FALSE
"961",TRUE
"962",TRUE
"963",FALSE
"964",FALSE
"965",TRUE
"966",TRUE
"967",TRUE
"968",FALSE
"969",TRUE
"970",TRUE
"971",TRUE
"972",TRUE
"973",FALSE
"974",FALSE
"975",FALSE
"976",FALSE
"977",FALSE
"978",TRUE
"979",TRUE
"980",TRUE
"981",FALSE
"982",TRUE
"983",TRUE
"984",FALSE
"985",TRUE
"986",TRUE
"987",FALSE
"988",FALSE
"989",TRUE
"990",FALSE
"991",FALSE
"992",FALSE
"993",FALSE
"994",FALSE
"995",FALSE
"996",TRUE
"997",TRUE
"998",FALSE
"999",FALSE
"1000",FALSE
"1001",TRUE
"1002",FALSE
"1003",FALSE
"1004",FALSE
"1005",FALSE
"1006",FALSE
"1007",FALSE
"1008",FALSE
"1009",FALSE
"1010",FALSE
"1011",TRUE
"1012",FALSE
"1013",TRUE
"1014",FALSE
"1015",FALSE
"1016",FALSE
"1017",FALSE
"1018",FALSE
"1019",FALSE
"1020",FALSE
"1021",FALSE
"1022",FALSE
"1023",FALSE
"1024",FALSE
"1025",FALSE
"1026",FALSE
"1027",TRUE
"1028",FALSE
"1029",TRUE
"1030",FALSE
"1031",TRUE
"1032",FALSE
"1033",FALSE
"1034",TRUE
"1035",FALSE
"1036",TRUE
"1037",FALSE
"1038",FALSE
"1039",FALSE
"1040",FALSE
"1041",TRUE
"1042",TRUE
"1043",TRUE
"1044",TRUE
"1045",FALSE
"1046",TRUE
"1047",TRUE
"1048",FALSE
"1049",TRUE
"1050",TRUE
"1051",TRUE
"1052",TRUE
"1053",FALSE
"1054",FALSE
"1055",FALSE
"1056",TRUE
"1057",TRUE
"1058",FALSE
"1059",FALSE
"1060",TRUE
"1061",FALSE
"1062",TRUE
"1063",FALSE
"1064",TRUE
"1065",TRUE
"1066",TRUE
"1067",FALSE
"1068",TRUE
"1069",FALSE
"1070",TRUE
"1071",FALSE
"1072",FALSE
"1073",TRUE
"1074",TRUE
"1075",TRUE
"1076",FALSE
"1077",TRUE
"1078",TRUE
"1079",FALSE
"1080",FALSE
"1081",FALSE
"1082",FALSE
"1083",FALSE
"1084",TRUE
"1085",FALSE
"1086",FALSE
"1087",FALSE
"1088",FALSE
"1089",TRUE
"1090",TRUE
"1091",TRUE
"1092",TRUE
"1093",FALSE
"1094",FALSE
"1095",FALSE
"1096",FALSE
"1097",FALSE
"1098",TRUE
"1099",TRUE
"1100",TRUE
"1101",FALSE
"1102",TRUE
"1103",TRUE
"1104",TRUE
"1105",FALSE
"1106",FALSE
"1107",TRUE
"1108",TRUE
"1109",TRUE
"1110",TRUE
"1111",TRUE
"1112",TRUE
"1113",FALSE
"1114",TRUE
"1115",TRUE
"1116",TRUE
"1117",FALSE
"1118",TRUE
"1119",TRUE
"1120",FALSE
"1121",FALSE
"1122",FALSE
"1123",TRUE
"1124",TRUE
"1125",TRUE
"1126",TRUE
"1127",TRUE
"1128",TRUE
"1129",TRUE
"1130",TRUE
"1131",TRUE
"1132",TRUE
"1133",FALSE
"1134",TRUE
"1135",TRUE
"1136",TRUE
"1137",TRUE
"1138",FALSE
"1139",TRUE
"1140",TRUE
"1141",FALSE
"1142",FALSE
"1143",FALSE
"1144",FALSE
"1145",TRUE
"1146",TRUE
"1147",TRUE
"1148",TRUE
"1149",FALSE
"1150",FALSE
"1151",FALSE
"1152",TRUE
"1153",FALSE
"1154",FALSE
"1155",TRUE
"1156",TRUE
"1157",TRUE
"1158",TRUE
"1159",TRUE
"1160",TRUE
"1161",FALSE
"1162",FALSE
"1163",FALSE
"1164",TRUE
"1165",FALSE
"1166",FALSE
"1167",FALSE
"1168",FALSE
"1169",FALSE
"1170",TRUE
"1171",FALSE
"1172",FALSE
"1173",FALSE
"1174",FALSE
"1175",FALSE
"1176",TRUE
"1177",FALSE
"1178",FALSE
"1179",TRUE
"1180",TRUE
"1181",FALSE
"1182",FALSE
"1183",TRUE
"1184",FALSE
"1185",FALSE
"1186",FALSE
"1187",FALSE
"1188",TRUE
"1189",FALSE
"1190",TRUE
"1191",FALSE
"1192",FALSE
"1193",FALSE
"1194",FALSE
"1195",FALSE
"1196",FALSE
"1197",TRUE
"1198",TRUE
"1199",TRUE
"1200",TRUE
"1201",TRUE
"1202",TRUE
"1203",FALSE
"1204",TRUE
"1205",TRUE
"1206",FALSE
"1207",FALSE
"1208",FALSE
"1209",FALSE
"1210",FALSE
"1211",FALSE
"1212",FALSE
"1213",FALSE
"1214",FALSE
"1215",FALSE
"1216",TRUE
"1217",FALSE
"1218",FALSE
"1219",TRUE
"1220",FALSE
"1221",FALSE
"1222",FALSE
"1223",TRUE
"1224",FALSE
"1225",FALSE
"1226",FALSE
"1227",FALSE
"1228",FALSE
"1229",FALSE
"1230",FALSE
"1231",FALSE
"1232",FALSE
"1233",TRUE
"1234",FALSE
"1235",TRUE
"1236",FALSE
"1237",TRUE
"1238",FALSE
"1239",FALSE
"1240",FALSE
"1241",TRUE
"1242",FALSE
"1243",FALSE
"1244",TRUE
"1245",TRUE
"1246",TRUE
"1247",TRUE
"1248",TRUE
"1249",TRUE
"1250",TRUE
"1251",TRUE
"1252",TRUE
"1253",FALSE
"1254",TRUE
"1255",FALSE
"1256",FALSE
"1257",FALSE
"1258",TRUE
"1259",TRUE
"1260",TRUE
"1261",TRUE
"1262",TRUE
"1263",FALSE
"1264",FALSE
"1265",TRUE
"1266",FALSE
"1267",FALSE
"1268",FALSE
"1269",TRUE
"1270",FALSE
"1271",FALSE
"1272",FALSE
"1273",FALSE
"1274",FALSE
"1275",FALSE
"1276",FALSE
"1277",FALSE
"1278",FALSE
"1279",FALSE
"1280",FALSE
"1281",TRUE
"1282",TRUE
"1283",FALSE
"1284",FALSE
"1285",FALSE
"1286",FALSE
"1287",TRUE
"1288",FALSE
"1289",FALSE
"1290",FALSE
"1291",FALSE
"1292",FALSE
"1293",FALSE
"1294",TRUE
"1295",FALSE
"1296",FALSE
"1297",FALSE
"1298",FALSE
"1299",TRUE
"1300",FALSE
"1301",FALSE
"1302",TRUE
"1303",FALSE
"1304",FALSE
"1305",TRUE
"1306",TRUE
"1307",TRUE
"1308",FALSE
"1309",FALSE
"1310",TRUE
"1311",FALSE
"1312",FALSE
"1313",TRUE
"1314",TRUE
"1315",FALSE
"1316",FALSE
"1317",TRUE
"1318",FALSE
"1319",FALSE
"1320",FALSE
"1321",FALSE
"1322",FALSE
"1323",FALSE
"1324",TRUE
"1325",TRUE
"1326",TRUE
"1327",FALSE
"1328",FALSE
"1329",TRUE
"1330",FALSE
"1331",FALSE
"1332",FALSE
"1333",FALSE
"1334",FALSE
"1335",FALSE
"1336",TRUE
"1337",FALSE
"1338",FALSE
"1339",FALSE
"1340",TRUE
"1341",TRUE
"1342",TRUE
"1343",TRUE
"1344",TRUE
"1345",TRUE
"1346",TRUE
"1347",TRUE
"1348",TRUE
"1349",TRUE
"1350",FALSE
"1351",TRUE
"1352",TRUE
"1353",FALSE
"1354",FALSE
"1355",TRUE
"1356",TRUE
"1357",TRUE
"1358",FALSE
"1359",FALSE
"1360",TRUE
"1361",FALSE
"1362",TRUE
"1363",FALSE
"1364",TRUE
"1365",TRUE
"1366",TRUE
"1367",TRUE
"1368",FALSE
"1369",TRUE
"1370",TRUE
"1371",FALSE
"1372",FALSE
"1373",TRUE
"1374",FALSE
"1375",FALSE
"1376",TRUE
"1377",TRUE
"1378",TRUE
"1379",TRUE
"1380",TRUE
"1381",FALSE
"1382",FALSE
"1383",TRUE
"1384",TRUE
"1385",TRUE
"1386",TRUE
"1387",FALSE
"1388",FALSE
"1389",FALSE
"1390",TRUE
"1391",FALSE
"1392",TRUE
"1393",FALSE
"1394",TRUE
"1395",FALSE
"1396",FALSE
"1397",TRUE
"1398",TRUE
"1399",FALSE
"1400",FALSE
"1401",FALSE
"1402",FALSE
"1403",FALSE
"1404",TRUE
"1405",FALSE
"1406",TRUE
"1407",FALSE
"1408",TRUE
"1409",TRUE
"1410",TRUE
"1411",TRUE
"1412",FALSE
"1413",FALSE
"1414",FALSE
"1415",FALSE
"1416",FALSE
"1417",FALSE
"1418",FALSE
"1419",FALSE
"1420",FALSE
"1421",FALSE
"1422",TRUE
"1423",TRUE
"1424",TRUE
"1425",FALSE
"1426",TRUE
"1427",TRUE
"1428",FALSE
"1429",FALSE
"1430",TRUE
"1431",TRUE
"1432",FALSE
"1433",TRUE
"1434",TRUE
"1435",TRUE
"1436",TRUE
"1437",TRUE
"1438",FALSE
"1439",TRUE
"1440",TRUE
"1441",FALSE
"1442",TRUE
"1443",FALSE
"1444",TRUE
"1445",FALSE
"1446",TRUE
"1447",TRUE
"1448",TRUE
"1449",TRUE
"1450",TRUE
"1451",FALSE
"1452",FALSE
"1453",FALSE
"1454",FALSE
"1455",TRUE
"1456",TRUE
"1457",FALSE
"1458",FALSE
"1459",FALSE
"1460",TRUE
"1461",TRUE
"1462",TRUE
"1463",FALSE
"1464",FALSE
"1465",FALSE
"1466",FALSE
"1467",TRUE
"1468",TRUE
"1469",FALSE
"1470",TRUE
"1471",FALSE
"1472",TRUE
"1473",FALSE
"1474",FALSE
"1475",TRUE
"1476",TRUE
"1477",FALSE
"1478",FALSE
"1479",TRUE
"1480",FALSE
"1481",TRUE
"1482",FALSE
"1483",TRUE
"1484",TRUE
"1485",FALSE
"1486",FALSE
"1487",TRUE
"1488",TRUE
"1489",TRUE
"1490",TRUE
"1491",FALSE
"1492",TRUE
"1493",FALSE
"1494",FALSE
"1495",FALSE
"1496",FALSE
"1497",FALSE
"1498",FALSE
"1499",FALSE
"1500",FALSE
"1501",TRUE
"1502",FALSE
"1503",FALSE
"1504",TRUE
"1505",TRUE
"1506",FALSE
"1507",FALSE
"1508",FALSE
"1509",FALSE
"1510",TRUE
"1511",TRUE
"1512",FALSE
"1513",FALSE
"1514",TRUE
"1515",FALSE
"1516",FALSE
"1517",FALSE
"1518",FALSE
"1519",FALSE
"1520",FALSE
"1521",TRUE
"1522",FALSE
"1523",FALSE
"1524",FALSE
"1525",TRUE
"1526",TRUE
"1527",TRUE
"1528",FALSE
"1529",FALSE
"1530",FALSE
"1531",FALSE
"1532",FALSE
"1533",FALSE
"1534",FALSE
"1535",FALSE
"1536",FALSE
"1537",FALSE
"1538",FALSE
"1539",TRUE
"1540",FALSE
"1541",TRUE
"1542",TRUE
"1543",TRUE
"1544",FALSE
"1545",FALSE
"1546",TRUE
"1547",FALSE
"1548",FALSE
"1549",FALSE
"1550",TRUE
"1551",TRUE
"1552",TRUE
"1553",TRUE
"1554",TRUE
"1555",TRUE
"1556",TRUE
"1557",FALSE
"1558",TRUE
"1559",TRUE
"1560",FALSE
"1561",TRUE
"1562",TRUE
"1563",FALSE
"1564",FALSE
"1565",FALSE
"1566",FALSE
"1567",TRUE
"1568",FALSE
"1569",FALSE
"1570",FALSE
"1571",TRUE
"1572",FALSE
"1573",FALSE
"1574",TRUE
"1575",FALSE
"1576",TRUE
"1577",FALSE
"1578",FALSE
"1579",FALSE
"1580",FALSE
"1581",TRUE
"1582",FALSE
"1583",TRUE
"1584",TRUE
"1585",TRUE
"1586",TRUE
"1587",TRUE
"1588",TRUE
"1589",FALSE
"1590",TRUE
"1591",TRUE
"1592",TRUE
"1593",TRUE
"1594",FALSE
"1595",TRUE
"1596",FALSE
"1597",TRUE
"1598",TRUE
"1599",TRUE
"1600",FALSE
"1601",FALSE
"1602",FALSE
"1603",FALSE
"1604",FALSE
"1605",TRUE
"1606",TRUE
"1607",TRUE
"1608",TRUE
"1609",FALSE
"1610",FALSE
"1611",FALSE
"1612",FALSE
"1613",TRUE
"1614",FALSE
"1615",FALSE
"1616",FALSE
"1617",FALSE
"1618",TRUE
"1619",TRUE
"1620",FALSE
"1621",TRUE
"1622",FALSE
"1623",TRUE
"1624",FALSE
"1625",TRUE
"1626",TRUE
"1627",FALSE
"1628",FALSE
"1629",TRUE
"1630",FALSE
"1631",TRUE
"1632",FALSE
"1633",FALSE
"1634",FALSE
"1635",FALSE
"1636",FALSE
"1637",FALSE
"1638",FALSE
"1639",TRUE
"1640",TRUE
"1641",TRUE
"1642",FALSE
"1643",FALSE
"1644",TRUE
"1645",FALSE
"1646",FALSE
"1647",TRUE
"1648",TRUE
"1649",TRUE
"1650",TRUE
"1651",TRUE
"1652",TRUE
"1653",TRUE
"1654",FALSE
"1655",TRUE
"1656",FALSE
"1657",TRUE
"1658",TRUE
"1659",FALSE
"1660",FALSE
"1661",FALSE
"1662",FALSE
"1663",TRUE
"1664",FALSE
"1665",FALSE
"1666",TRUE
"1667",FALSE
"1668",FALSE
"1669",TRUE
"1670",FALSE
"1671",TRUE
"1672",FALSE
"1673",FALSE
"1674",FALSE
"1675",FALSE
"1676",FALSE
"1677",TRUE
"1678",TRUE
"1679",TRUE
"1680",TRUE
"1681",TRUE
"1682",TRUE
"1683",FALSE
"1684",TRUE
"1685",TRUE
"1686",TRUE
"1687",FALSE
"1688",TRUE
"1689",FALSE
"1690",TRUE
"1691",TRUE
"1692",TRUE
"1693",FALSE
"1694",FALSE
"1695",FALSE
"1696",FALSE
"1697",TRUE
"1698",TRUE
"1699",TRUE
"1700",TRUE
"1701",FALSE
"1702",FALSE
"1703",FALSE
"1704",TRUE
"1705",FALSE
"1706",FALSE
"1707",FALSE
"1708",FALSE
"1709",TRUE
"1710",TRUE
"1711",FALSE
"1712",FALSE
"1713",FALSE
"1714",FALSE
"1715",FALSE
"1716",FALSE
"1717",FALSE
"1718",FALSE
"1719",TRUE
"1720",FALSE
"1721",TRUE
"1722",TRUE
"1723",FALSE
"1724",FALSE
"1725",FALSE
"1726",FALSE
"1727",TRUE
"1728",TRUE
"1729",FALSE
"1730",FALSE
"1731",TRUE
"1732",FALSE
"1733",FALSE
"1734",FALSE
"1735",FALSE
"1736",FALSE
"1737",FALSE
"1738",FALSE
"1739",FALSE
"1740",FALSE
"1741",TRUE
"1742",TRUE
"1743",TRUE
"1744",FALSE
"1745",FALSE
"1746",FALSE
"1747",FALSE
"1748",FALSE
"1749",FALSE
"1750",TRUE
"1751",FALSE
"1752",TRUE
"1753",TRUE
"1754",FALSE
"1755",TRUE
"1756",TRUE
"1757",TRUE
"1758",TRUE
"1759",TRUE
"1760",FALSE
"1761",TRUE
"1762",TRUE
"1763",FALSE
"1764",TRUE
"1765",TRUE
"1766",FALSE
"1767",TRUE
"1768",TRUE
"1769",TRUE
"1770",FALSE
"1771",TRUE
"1772",FALSE
"1773",FALSE
"1774",TRUE
"1775",TRUE
"1776",FALSE
"1777",TRUE
"1778",FALSE
"1779",TRUE
"1780",FALSE
"1781",TRUE
"1782",FALSE
"1783",FALSE
"1784",TRUE
"1785",TRUE
"1786",FALSE
"1787",FALSE
"1788",FALSE
"1789",TRUE
"1790",TRUE
"1791",FALSE
"1792",FALSE
"1793",TRUE
"1794",TRUE
"1795",TRUE
"1796",FALSE
"1797",FALSE
"1798",FALSE
"1799",FALSE
"1800",TRUE
"1801",FALSE
"1802",FALSE
"1803",FALSE
"1804",FALSE
"1805",FALSE
"1806",FALSE
"1807",FALSE
"1808",FALSE
"1809",TRUE
"1810",TRUE
"1811",TRUE
"1812",TRUE
"1813",FALSE
"1814",FALSE
"1815",FALSE
"1816",TRUE
"1817",TRUE
"1818",TRUE
"1819",TRUE
"1820",TRUE
"1821",FALSE
"1822",TRUE
"1823",FALSE
"1824",FALSE
"1825",FALSE
"1826",FALSE
"1827",TRUE
"1828",TRUE
"1829",FALSE
"1830",FALSE
"1831",FALSE
"1832",FALSE
"1833",FALSE
"1834",TRUE
"1835",TRUE
"1836",FALSE
"1837",FALSE
"1838",FALSE
"1839",TRUE
"1840",FALSE
"1841",TRUE
"1842",FALSE
"1843",FALSE
"1844",FALSE
"1845",TRUE
"1846",TRUE
"1847",TRUE
"1848",TRUE
"1849",FALSE
"1850",TRUE
"1851",FALSE
"1852",FALSE
"1853",TRUE
"1854",FALSE
"1855",TRUE
"1856",FALSE
"1857",FALSE
"1858",FALSE
"1859",FALSE
"1860",FALSE
"1861",FALSE
"1862",FALSE
"1863",TRUE
"1864",FALSE
"1865",TRUE
"1866",FALSE
"1867",FALSE
"1868",FALSE
"1869",FALSE
"1870",TRUE
"1871",TRUE
"1872",FALSE
"1873",TRUE
"1874",TRUE
"1875",TRUE
"1876",TRUE
"1877",FALSE
"1878",FALSE
"1879",FALSE
"1880",FALSE
"1881",FALSE
"1882",TRUE
"1883",TRUE
"1884",FALSE
"1885",FALSE
"1886",TRUE
"1887",FALSE
"1888",TRUE
"1889",FALSE
"1890",FALSE
"1891",TRUE
"1892",FALSE
"1893",FALSE
"1894",TRUE
"1895",FALSE
"1896",FALSE
"1897",FALSE
"1898",FALSE
"1899",FALSE
"1900",TRUE
"1901",TRUE
"1902",FALSE
"1903",FALSE
"1904",FALSE
"1905",TRUE
"1906",FALSE
"1907",TRUE
"1908",FALSE
"1909",TRUE
"1910",FALSE
"1911",FALSE
"1912",FALSE
"1913",TRUE
"1914",FALSE
"1915",FALSE
"1916",FALSE
"1917",FALSE
"1918",FALSE
"1919",FALSE
"1920",FALSE
"1921",TRUE
"1922",FALSE
"1923",TRUE
"1924",FALSE
"1925",FALSE
"1926",FALSE
"1927",FALSE
"1928",FALSE
"1929",FALSE
"1930",FALSE
"1931",FALSE
"1932",FALSE
"1933",FALSE
"1934",FALSE
"1935",FALSE
"1936",FALSE
"1937",FALSE
"1938",TRUE
"1939",FALSE
"1940",TRUE
"1941",FALSE
"1942",TRUE
"1943",FALSE
"1944",FALSE
"1945",TRUE
"1946",FALSE
"1947",FALSE
"1948",FALSE
"1949",TRUE
"1950",FALSE
"1951",FALSE
"1952",FALSE
"1953",TRUE
"1954",FALSE
"1955",FALSE
"1956",TRUE
"1957",TRUE
"1958",TRUE
"1959",TRUE
"1960",TRUE
"1961",TRUE
"1962",FALSE
"1963",FALSE
"1964",FALSE
"1965",FALSE
"1966",FALSE
"1967",TRUE
"1968",TRUE
"1969",FALSE
"1970",FALSE
"1971",TRUE
"1972",FALSE
"1973",FALSE
"1974",FALSE
"1975",FALSE
"1976",FALSE
"1977",FALSE
"1978",FALSE
"1979",FALSE
"1980",FALSE
"1981",TRUE
"1982",TRUE
"1983",FALSE
"1984",FALSE
"1985",FALSE
"1986",TRUE
"1987",TRUE
"1988",FALSE
"1989",TRUE
"1990",FALSE
"1991",FALSE
"1992",TRUE
"1993",TRUE
"1994",TRUE
"1995",FALSE
"1996",FALSE
"1997",FALSE
"1998",FALSE
"1999",FALSE
"2000",FALSE
"2001",FALSE
"2002",TRUE
"2003",FALSE
"2004",FALSE
"2005",FALSE
"2006",FALSE
"2007",FALSE
"2008",FALSE
"2009",TRUE
"2010",TRUE
"2011",TRUE
"2012",TRUE
"2013",TRUE
"2014",FALSE
"2015",TRUE
"2016",TRUE
"2017",FALSE
"2018",TRUE
"2019",TRUE
"2020",FALSE
"2021",FALSE
"2022",TRUE
"2023",FALSE
"2024",TRUE
"2025",TRUE
"2026",FALSE
"2027",TRUE
"2028",FALSE
"2029",FALSE
"2030",FALSE
"2031",FALSE
"2032",TRUE
"2033",FALSE
"2034",TRUE
"2035",FALSE
"2036",FALSE
"2037",TRUE
"2038",TRUE
"2039",FALSE
"2040",FALSE
"2041",FALSE
"2042",FALSE
"2043",FALSE
"2044",FALSE
"2045",TRUE
"2046",TRUE
"2047",TRUE
"2048",TRUE
"2049",TRUE
"2050",TRUE
"2051",TRUE
"2052",FALSE
"2053",TRUE
"2054",TRUE
"2055",TRUE
"2056",FALSE
"2057",TRUE
"2058",FALSE
"2059",TRUE
"2060",FALSE
"2061",FALSE
"2062",FALSE
"2063",FALSE
"2064",FALSE
"2065",TRUE
"2066",FALSE
"2067",FALSE
"2068",FALSE
"2069",TRUE
"2070",FALSE
"2071",FALSE
"2072",FALSE
"2073",FALSE
"2074",FALSE
"2075",TRUE
"2076",FALSE
"2077",FALSE
"2078",TRUE
"2079",FALSE
"2080",FALSE
"2081",FALSE
"2082",FALSE
"2083",FALSE
"2084",TRUE
"2085",FALSE
"2086",FALSE
"2087",FALSE
"2088",FALSE
"2089",FALSE
"2090",FALSE
"2091",FALSE
"2092",FALSE
"2093",FALSE
"2094",TRUE
"2095",FALSE
"2096",FALSE
"2097",FALSE
"2098",TRUE
"2099",FALSE
"2100",TRUE
"2101",FALSE
"2102",FALSE
"2103",TRUE
"2104",FALSE
"2105",FALSE
"2106",TRUE
"2107",FALSE
"2108",FALSE
"2109",FALSE
"2110",FALSE
"2111",FALSE
"2112",TRUE
"2113",FALSE
"2114",FALSE
"2115",FALSE
"2116",FALSE
"2117",TRUE
"2118",TRUE
"2119",TRUE
"2120",TRUE
"2121",TRUE
"2122",FALSE
"2123",FALSE
"2124",FALSE
"2125",TRUE
"2126",FALSE
"2127",FALSE
"2128",TRUE
"2129",FALSE
"2130",FALSE
"2131",FALSE
"2132",FALSE
"2133",FALSE
"2134",TRUE
"2135",FALSE
"2136",FALSE
"2137",FALSE
"2138",FALSE
"2139",FALSE
"2140",FALSE
"2141",FALSE
"2142",FALSE
"2143",TRUE
"2144",TRUE
"2145",TRUE
"2146",FALSE
"2147",FALSE
"2148",TRUE
"2149",FALSE
"2150",FALSE
"2151",FALSE
"2152",FALSE
"2153",FALSE
"2154",TRUE
"2155",FALSE
"2156",TRUE
"2157",TRUE
"2158",FALSE
"2159",TRUE
"2160",FALSE
"2161",TRUE
"2162",FALSE
"2163",TRUE
"2164",TRUE
"2165",TRUE
"2166",FALSE
"2167",TRUE
"2168",TRUE
"2169",FALSE
"2170",FALSE
"2171",TRUE
"2172",FALSE
"2173",TRUE
"2174",TRUE
"2175",FALSE
"2176",TRUE
"2177",FALSE
"2178",FALSE
"2179",FALSE
"2180",TRUE
"2181",FALSE
"2182",TRUE
"2183",FALSE
"2184",FALSE
"2185",FALSE
"2186",FALSE
"2187",FALSE
"2188",FALSE
"2189",TRUE
"2190",TRUE
"2191",TRUE
"2192",TRUE
"2193",TRUE
"2194",FALSE
"2195",FALSE
"2196",FALSE
"2197",FALSE
"2198",TRUE
"2199",TRUE
"2200",FALSE
"2201",TRUE
"2202",TRUE
"2203",TRUE
"2204",TRUE
"2205",TRUE
"2206",TRUE
"2207",FALSE
"2208",FALSE
"2209",TRUE
"2210",TRUE
"2211",FALSE
"2212",FALSE
"2213",FALSE
"2214",FALSE
"2215",FALSE
"2216",TRUE
"2217",TRUE
"2218",FALSE
"2219",TRUE
"2220",TRUE
"2221",TRUE
"2222",FALSE
"2223",FALSE
"2224",FALSE
"2225",FALSE
"2226",FALSE
"2227",TRUE
"2228",FALSE
"2229",FALSE
"2230",FALSE
"2231",TRUE
"2232",FALSE
"2233",FALSE
"2234",TRUE
"2235",FALSE
"2236",TRUE
"2237",FALSE
"2238",FALSE
"2239",FALSE
"2240",FALSE
"2241",FALSE
"2242",TRUE
"2243",FALSE
"2244",FALSE
"2245",FALSE
"2246",FALSE
"2247",FALSE
"2248",TRUE
"2249",TRUE
"2250",FALSE
"2251",FALSE
"2252",FALSE
"2253",TRUE
"2254",TRUE
"2255",TRUE
"2256",FALSE
"2257",FALSE
"2258",FALSE
"2259",TRUE
"2260",FALSE
"2261",FALSE
"2262",FALSE
"2263",FALSE
"2264",TRUE
"2265",FALSE
"2266",FALSE
"2267",FALSE
"2268",FALSE
"2269",FALSE
"2270",TRUE
"2271",TRUE
"2272",FALSE
"2273",TRUE
"2274",TRUE
"2275",FALSE
"2276",TRUE
"2277",TRUE
"2278",TRUE
"2279",TRUE
"2280",TRUE
"2281",TRUE
"2282",FALSE
"2283",FALSE
"2284",FALSE
"2285",TRUE
"2286",FALSE
"2287",FALSE
"2288",FALSE
"2289",FALSE
"2290",FALSE
"2291",TRUE
"2292",TRUE
"2293",TRUE
"2294",FALSE
"2295",FALSE
"2296",TRUE
"2297",TRUE
"2298",FALSE
"2299",FALSE
"2300",FALSE
"2301",FALSE
"2302",FALSE
"2303",TRUE
"2304",TRUE
"2305",FALSE
"2306",FALSE
"2307",FALSE
"2308",FALSE
"2309",FALSE
"2310",FALSE
"2311",FALSE
"2312",TRUE
"2313",TRUE
"2314",TRUE
"2315",TRUE
"2316",FALSE
"2317",TRUE
"2318",FALSE
"2319",FALSE
"2320",FALSE
"2321",TRUE
"2322",FALSE
"2323",TRUE
"2324",TRUE
"2325",FALSE
"2326",TRUE
"2327",FALSE
"2328",FALSE
"2329",TRUE
"2330",FALSE
"2331",TRUE
"2332",FALSE
"2333",FALSE
"2334",TRUE
"2335",FALSE
"2336",FALSE
"2337",FALSE
"2338",TRUE
"2339",TRUE
"2340",FALSE
"2341",TRUE
"2342",TRUE
"2343",TRUE
"2344",TRUE
"2345",TRUE
"2346",TRUE
"2347",TRUE
"2348",FALSE
"2349",FALSE
"2350",FALSE
"2351",FALSE
"2352",FALSE
"2353",TRUE
"2354",FALSE
"2355",FALSE
"2356",TRUE
"2357",FALSE
"2358",FALSE
"2359",FALSE
"2360",TRUE
"2361",TRUE
"2362",FALSE
"2363",FALSE
"2364",FALSE
"2365",TRUE
"2366",FALSE
"2367",FALSE
"2368",FALSE
"2369",TRUE
"2370",FALSE
"2371",TRUE
"2372",FALSE
"2373",FALSE
"2374",TRUE
"2375",FALSE
"2376",TRUE
"2377",FALSE
"2378",TRUE
"2379",TRUE
"2380",FALSE
"2381",FALSE
"2382",TRUE
"2383",TRUE
"2384",FALSE
"2385",TRUE
"2386",FALSE
"2387",FALSE
"2388",FALSE
"2389",FALSE
"2390",FALSE
"2391",TRUE
"2392",FALSE
"2393",TRUE
"2394",FALSE
"2395",FALSE
"2396",FALSE
"2397",FALSE
"2398",TRUE
"2399",FALSE
"2400",FALSE
"2401",FALSE
"2402",FALSE
"2403",FALSE
"2404",FALSE
"2405",FALSE
"2406",FALSE
"2407",FALSE
"2408",TRUE
"2409",TRUE
"2410",TRUE
"2411",TRUE
"2412",TRUE
"2413",TRUE
"2414",TRUE
"2415",TRUE
"2416",TRUE
"2417",TRUE
"2418",TRUE
"2419",TRUE
"2420",TRUE
"2421",TRUE
"2422",TRUE
"2423",TRUE
"2424",TRUE
"2425",TRUE
"2426",TRUE
"2427",TRUE
"2428",TRUE
"2429",TRUE
"2430",FALSE
"2431",TRUE
"2432",TRUE
"2433",TRUE
"2434",FALSE
"2435",FALSE
"2436",TRUE
"2437",FALSE
"2438",FALSE
"2439",FALSE
"2440",FALSE
"2441",FALSE
"2442",TRUE
"2443",FALSE
"2444",FALSE
"2445",TRUE
"2446",TRUE
"2447",FALSE
"2448",FALSE
"2449",FALSE
"2450",TRUE
"2451",TRUE
"2452",TRUE
"2453",FALSE
"2454",FALSE
"2455",TRUE
"2456",TRUE
"2457",FALSE
"2458",TRUE
"2459",TRUE
"2460",FALSE
"2461",FALSE
"2462",FALSE
"2463",TRUE
"2464",FALSE
"2465",FALSE
"2466",FALSE
"2467",FALSE
"2468",TRUE
"2469",FALSE
"2470",TRUE
"2471",TRUE
"2472",FALSE
"2473",FALSE
"2474",FALSE
"2475",FALSE
"2476",FALSE
"2477",FALSE
"2478",FALSE
"2479",TRUE
"2480",FALSE
"2481",TRUE
"2482",FALSE
"2483",FALSE
"2484",TRUE
"2485",FALSE
"2486",TRUE
"2487",TRUE
"2488",TRUE
"2489",FALSE
"2490",FALSE
"2491",FALSE
"2492",TRUE
"2493",TRUE
"2494",FALSE
"2495",TRUE
"2496",FALSE
"2497",TRUE
"2498",FALSE
"2499",TRUE
"2500",FALSE
"2501",FALSE
"2502",TRUE
"2503",TRUE
"2504",TRUE
"2505",FALSE
"2506",FALSE
"2507",FALSE
"2508",FALSE
"2509",TRUE
"2510",FALSE
"2511",TRUE
"2512",TRUE
"2513",TRUE
"2514",TRUE
"2515",TRUE
"2516",FALSE
"2517",FALSE
"2518",TRUE
"2519",FALSE
"2520",TRUE
"2521",TRUE
"2522",TRUE
"2523",TRUE
"2524",FALSE
"2525",FALSE
"2526",TRUE
"2527",FALSE
"2528",FALSE
"2529",FALSE
"2530",FALSE
"2531",TRUE
"2532",TRUE
"2533",TRUE
"2534",TRUE
"2535",TRUE
"2536",FALSE
"2537",FALSE
"2538",TRUE
"2539",TRUE
"2540",TRUE
"2541",FALSE
"2542",TRUE
"2543",FALSE
"2544",FALSE
"2545",FALSE
"2546",TRUE
"2547",FALSE
"2548",FALSE
"2549",FALSE
"2550",FALSE
"2551",FALSE
"2552",FALSE
"2553",FALSE
"2554",TRUE
"2555",TRUE
"2556",FALSE
"2557",FALSE
"2558",TRUE
"2559",TRUE
"2560",TRUE
"2561",TRUE
"2562",TRUE
"2563",TRUE
"2564",TRUE
"2565",TRUE
"2566",TRUE
"2567",TRUE
"2568",TRUE
"2569",TRUE
"2570",TRUE
"2571",TRUE
"2572",TRUE
"2573",FALSE
"2574",FALSE
"2575",FALSE
"2576",FALSE
"2577",FALSE
"2578",FALSE
"2579",FALSE
"2580",FALSE
"2581",FALSE
"2582",TRUE
"2583",FALSE
"2584",FALSE
"2585",FALSE
"2586",TRUE
"2587",FALSE
"2588",FALSE
"2589",FALSE
"2590",TRUE
"2591",FALSE
"2592",FALSE
"2593",FALSE
"2594",TRUE
"2595",TRUE
"2596",FALSE
"2597",FALSE
"2598",TRUE
"2599",FALSE
"2600",FALSE
"2601",FALSE
"2602",FALSE
"2603",FALSE
"2604",FALSE
"2605",FALSE
"2606",FALSE
"2607",FALSE
"2608",FALSE
"2609",FALSE
"2610",TRUE
"2611",FALSE
"2612",FALSE
"2613",FALSE
"2614",TRUE
"2615",TRUE
"2616",FALSE
"2617",FALSE
"2618",FALSE
"2619",FALSE
"2620",TRUE
"2621",FALSE
"2622",FALSE
"2623",FALSE
"2624",FALSE
"2625",TRUE
"2626",TRUE
"2627",TRUE
"2628",FALSE
"2629",TRUE
"2630",FALSE
"2631",FALSE
"2632",TRUE
"2633",TRUE
"2634",FALSE
"2635",FALSE
"2636",TRUE
"2637",TRUE
"2638",FALSE
"2639",FALSE
"2640",FALSE
"2641",TRUE
"2642",TRUE
"2643",TRUE
"2644",TRUE
"2645",FALSE
"2646",FALSE
"2647",TRUE
"2648",TRUE
"2649",FALSE
"2650",FALSE
"2651",FALSE
"2652",FALSE
"2653",TRUE
"2654",FALSE
"2655",FALSE
"2656",FALSE
"2657",FALSE
"2658",FALSE
"2659",TRUE
"2660",TRUE
"2661",TRUE
"2662",FALSE
"2663",FALSE
"2664",FALSE
"2665",FALSE
"2666",TRUE
"2667",FALSE
"2668",TRUE
"2669",FALSE
"2670",FALSE
"2671",FALSE
"2672",FALSE
"2673",FALSE
"2674",FALSE
"2675",FALSE
"2676",TRUE
"2677",TRUE
"2678",FALSE
"2679",FALSE
"2680",FALSE
"2681",FALSE
"2682",TRUE
"2683",FALSE
"2684",FALSE
"2685",FALSE
"2686",TRUE
"2687",FALSE
"2688",FALSE
"2689",TRUE
"2690",FALSE
"2691",TRUE
"2692",FALSE
"2693",FALSE
"2694",TRUE
"2695",FALSE
"2696",TRUE
"2697",TRUE
"2698",TRUE
"2699",FALSE
"2700",TRUE
"2701",FALSE
"2702",TRUE
"2703",FALSE
"2704",TRUE
"2705",FALSE
"2706",TRUE
"2707",FALSE
"2708",TRUE
"2709",FALSE
"2710",TRUE
"2711",FALSE
"2712",FALSE
"2713",FALSE
"2714",FALSE
"2715",FALSE
"2716",TRUE
"2717",FALSE
"2718",FALSE
"2719",TRUE
"2720",FALSE
"2721",FALSE
"2722",TRUE
"2723",FALSE
"2724",FALSE
"2725",TRUE
"2726",TRUE
"2727",FALSE
"2728",FALSE
"2729",TRUE
"2730",TRUE
"2731",TRUE
"2732",TRUE
"2733",TRUE
"2734",TRUE
"2735",TRUE
"2736",TRUE
"2737",TRUE
"2738",TRUE
"2739",TRUE
"2740",FALSE
"2741",TRUE
"2742",FALSE
"2743",TRUE
"2744",TRUE
"2745",TRUE
"2746",TRUE
"2747",TRUE
"2748",TRUE
"2749",TRUE
"2750",TRUE
"2751",TRUE
"2752",FALSE
"2753",FALSE
"2754",FALSE
"2755",FALSE
"2756",FALSE
"2757",FALSE
"2758",TRUE
"2759",TRUE
"2760",FALSE
"2761",FALSE
"2762",FALSE
"2763",TRUE
"2764",TRUE
"2765",TRUE
"2766",FALSE
"2767",TRUE
"2768",TRUE
"2769",FALSE
"2770",FALSE
"2771",TRUE
"2772",FALSE
"2773",FALSE
"2774",FALSE
"2775",FALSE
"2776",FALSE
"2777",TRUE
"2778",TRUE
"2779",TRUE
"2780",FALSE
"2781",FALSE
"2782",FALSE
"2783",FALSE
"2784",FALSE
"2785",FALSE
"2786",FALSE
"2787",TRUE
"2788",TRUE
"2789",FALSE
"2790",TRUE
"2791",TRUE
"2792",FALSE
"2793",TRUE
"2794",TRUE
"2795",FALSE
"2796",TRUE
"2797",TRUE
"2798",FALSE
"2799",FALSE
"2800",FALSE
"2801",TRUE
"2802",TRUE
"2803",TRUE
"2804",FALSE
"2805",FALSE
"2806",FALSE
"2807",TRUE
"2808",FALSE
"2809",TRUE
"2810",FALSE
"2811",TRUE
"2812",FALSE
"2813",TRUE
"2814",FALSE
"2815",TRUE
"2816",FALSE
"2817",TRUE
"2818",TRUE
"2819",FALSE
"2820",FALSE
"2821",FALSE
"2822",TRUE
"2823",FALSE
"2824",FALSE
"2825",TRUE
"2826",TRUE
"2827",TRUE
"2828",FALSE
"2829",FALSE
"2830",FALSE
"2831",FALSE
"2832",FALSE
"2833",TRUE
"2834",FALSE
"2835",FALSE
"2836",TRUE
"2837",TRUE
"2838",FALSE
"2839",FALSE
"2840",FALSE
"2841",TRUE
"2842",FALSE
"2843",TRUE
"2844",FALSE
"2845",FALSE
"2846",TRUE
"2847",TRUE
"2848",FALSE
"2849",TRUE
"2850",TRUE
"2851",TRUE
"2852",TRUE
"2853",TRUE
"2854",FALSE
"2855",FALSE
"2856",TRUE
"2857",TRUE
"2858",FALSE
"2859",FALSE
"2860",FALSE
"2861",FALSE
"2862",TRUE
"2863",FALSE
"2864",TRUE
"2865",FALSE
"2866",TRUE
"2867",FALSE
"2868",FALSE
"2869",FALSE
"2870",TRUE
"2871",TRUE
"2872",FALSE
"2873",TRUE
"2874",FALSE
"2875",FALSE
"2876",FALSE
"2877",FALSE
"2878",FALSE
"2879",TRUE
"2880",TRUE
"2881",FALSE
"2882",TRUE
"2883",TRUE
"2884",TRUE
"2885",TRUE
"2886",FALSE
"2887",TRUE
"2888",TRUE
"2889",FALSE
"2890",TRUE
"2891",TRUE
"2892",FALSE
"2893",FALSE
"2894",FALSE
"2895",FALSE
"2896",TRUE
"2897",FALSE
"2898",TRUE
"2899",TRUE
"2900",TRUE
"2901",FALSE
"2902",FALSE
"2903",FALSE
"2904",FALSE
"2905",TRUE
"2906",TRUE
"2907",FALSE
"2908",FALSE
"2909",FALSE
"2910",FALSE
"2911",FALSE
"2912",TRUE
"2913",TRUE
"2914",TRUE
"2915",FALSE
"2916",FALSE
"2917",TRUE
"2918",FALSE
"2919",TRUE
"2920",FALSE
"2921",TRUE
"2922",FALSE
"2923",TRUE
"2924",TRUE
"2925",TRUE
"2926",FALSE
"2927",FALSE
"2928",FALSE
"2929",FALSE
"2930",TRUE
"2931",TRUE
"2932",TRUE
"2933",FALSE
"2934",FALSE
"2935",FALSE
"2936",FALSE
"2937",TRUE
"2938",FALSE
"2939",TRUE
"2940",FALSE
"2941",FALSE
"2942",FALSE
"2943",FALSE
"2944",FALSE
"2945",FALSE
"2946",TRUE
"2947",TRUE
"2948",FALSE
"2949",FALSE
"2950",FALSE
"2951",FALSE
"2952",FALSE
"2953",TRUE
"2954",TRUE
"2955",FALSE
"2956",TRUE
"2957",TRUE
"2958",TRUE
"2959",TRUE
"2960",FALSE
"2961",TRUE
"2962",FALSE
"2963",TRUE
"2964",TRUE
"2965",FALSE
"2966",TRUE
"2967",FALSE
"2968",FALSE
"2969",TRUE
"2970",FALSE
"2971",TRUE
"2972",FALSE
"2973",TRUE
"2974",FALSE
"2975",FALSE
"2976",FALSE
"2977",FALSE
"2978",FALSE
"2979",TRUE
"2980",TRUE
"2981",TRUE
"2982",FALSE
"2983",TRUE
"2984",TRUE
"2985",TRUE
"2986",FALSE
"2987",FALSE
"2988",TRUE
"2989",FALSE
"2990",FALSE
"2991",FALSE
"2992",FALSE
"2993",FALSE
"2994",FALSE
"2995",TRUE
"2996",FALSE
"2997",FALSE
"2998",FALSE
"2999",FALSE
"3000",TRUE
"3001",TRUE
"3002",FALSE
"3003",FALSE
"3004",FALSE
"3005",FALSE
"3006",FALSE
"3007",FALSE
"3008",TRUE
"3009",FALSE
"3010",FALSE
"3011",FALSE
"3012",FALSE
"3013",TRUE
"3014",FALSE
"3015",FALSE
"3016",FALSE
"3017",FALSE
"3018",FALSE
"3019",FALSE
"3020",FALSE
"3021",TRUE
"3022",FALSE
"3023",FALSE
"3024",FALSE
"3025",FALSE
"3026",TRUE
"3027",FALSE
"3028",TRUE
"3029",TRUE
"3030",FALSE
"3031",FALSE
"3032",FALSE
"3033",FALSE
"3034",FALSE
"3035",FALSE
"3036",FALSE
"3037",FALSE
"3038",FALSE
"3039",FALSE
"3040",TRUE
"3041",TRUE
"3042",TRUE
"3043",FALSE
"3044",FALSE
"3045",FALSE
"3046",FALSE
"3047",FALSE
"3048",TRUE
"3049",FALSE
"3050",FALSE
"3051",TRUE
"3052",FALSE
"3053",FALSE
"3054",FALSE
"3055",FALSE
"3056",FALSE
"3057",FALSE
"3058",FALSE
"3059",FALSE
"3060",TRUE
"3061",FALSE
"3062",FALSE
"3063",FALSE
"3064",TRUE
"3065",FALSE
"3066",FALSE
"3067",TRUE
"3068",FALSE
"3069",TRUE
"3070",FALSE
"3071",FALSE
"3072",FALSE
"3073",TRUE
"3074",FALSE
"3075",TRUE
"3076",FALSE
"3077",TRUE
"3078",TRUE
"3079",FALSE
"3080",TRUE
"3081",FALSE
"3082",FALSE
"3083",FALSE
"3084",TRUE
"3085",FALSE
"3086",FALSE
"3087",FALSE
"3088",FALSE
"3089",FALSE
"3090",TRUE
"3091",TRUE
"3092",FALSE
"3093",FALSE
"3094",FALSE
"3095",FALSE
"3096",FALSE
"3097",TRUE
"3098",FALSE
"3099",FALSE
"3100",FALSE
"3101",TRUE
"3102",FALSE
"3103",FALSE
"3104",FALSE
"3105",FALSE
"3106",FALSE
"3107",FALSE
"3108",FALSE
"3109",TRUE
"3110",TRUE
"3111",TRUE
"3112",FALSE
"3113",TRUE
"3114",FALSE
"3115",FALSE
"3116",FALSE
"3117",FALSE
"3118",TRUE
"3119",FALSE
"3120",FALSE
"3121",FALSE
"3122",FALSE
"3123",FALSE
"3124",FALSE
"3125",FALSE
"3126",TRUE
"3127",TRUE
"3128",FALSE
"3129",FALSE
"3130",FALSE
"3131",TRUE
"3132",TRUE
"3133",FALSE
"3134",FALSE
"3135",TRUE
"3136",FALSE
"3137",TRUE
"3138",FALSE
"3139",TRUE
"3140",FALSE
"3141",TRUE
"3142",TRUE
"3143",FALSE
"3144",FALSE
"3145",FALSE
"3146",TRUE
"3147",TRUE
"3148",FALSE
"3149",FALSE
"3150",FALSE
"3151",FALSE
"3152",FALSE
"3153",TRUE
"3154",TRUE
"3155",TRUE
"3156",FALSE
"3157",FALSE
"3158",TRUE
"3159",FALSE
"3160",TRUE
"3161",TRUE
"3162",FALSE
"3163",FALSE
"3164",TRUE
"3165",FALSE
"3166",FALSE
"3167",FALSE
"3168",TRUE
"3169",FALSE
"3170",TRUE
"3171",TRUE
"3172",FALSE
"3173",FALSE
"3174",FALSE
"3175",TRUE
"3176",FALSE
"3177",FALSE
"3178",FALSE
"3179",FALSE
"3180",FALSE
"3181",FALSE
"3182",FALSE
"3183",TRUE
"3184",TRUE
"3185",FALSE
"3186",FALSE
"3187",TRUE
"3188",TRUE
"3189",FALSE
"3190",FALSE
"3191",FALSE
"3192",FALSE
"3193",FALSE
"3194",FALSE
"3195",FALSE
"3196",TRUE
"3197",FALSE
"3198",FALSE
"3199",FALSE
"3200",FALSE
"3201",FALSE
"3202",FALSE
"3203",FALSE
"3204",TRUE
"3205",TRUE
"3206",FALSE
"3207",FALSE
"3208",FALSE
"3209",FALSE
"3210",FALSE
"3211",FALSE
"3212",TRUE
"3213",TRUE
"3214",TRUE
"3215",TRUE
"3216",FALSE
"3217",FALSE
"3218",TRUE
"3219",FALSE
"3220",TRUE
"3221",FALSE
"3222",TRUE
"3223",TRUE
"3224",TRUE
"3225",TRUE
"3226",FALSE
"3227",TRUE
"3228",TRUE
"3229",TRUE
"3230",FALSE
"3231",FALSE
"3232",FALSE
"3233",FALSE
"3234",FALSE
"3235",FALSE
"3236",TRUE
"3237",FALSE
"3238",FALSE
"3239",TRUE
"3240",TRUE
"3241",TRUE
"3242",FALSE
"3243",TRUE
"3244",TRUE
"3245",TRUE
"3246",TRUE
"3247",FALSE
"3248",FALSE
"3249",FALSE
"3250",FALSE
"3251",FALSE
"3252",FALSE
"3253",FALSE
"3254",FALSE
"3255",FALSE
"3256",TRUE
"3257",FALSE
"3258",FALSE
"3259",FALSE
"3260",TRUE
"3261",TRUE
"3262",TRUE
"3263",FALSE
"3264",FALSE
"3265",FALSE
"3266",TRUE
"3267",FALSE
"3268",TRUE
"3269",FALSE
"3270",FALSE
"3271",TRUE
"3272",TRUE
"3273",FALSE
"3274",FALSE
"3275",FALSE
"3276",FALSE
"3277",FALSE
"3278",TRUE
"3279",FALSE
"3280",TRUE
"3281",TRUE
"3282",TRUE
"3283",TRUE
"3284",TRUE
"3285",FALSE
"3286",TRUE
"3287",FALSE
"3288",FALSE
"3289",TRUE
"3290",TRUE
"3291",FALSE
"3292",TRUE
"3293",TRUE
"3294",FALSE
"3295",TRUE
"3296",TRUE
"3297",FALSE
"3298",FALSE
"3299",FALSE
"3300",TRUE
"3301",TRUE
"3302",TRUE
"3303",TRUE
"3304",TRUE
"3305",FALSE
"3306",FALSE
"3307",TRUE
"3308",TRUE
"3309",FALSE
"3310",FALSE
"3311",FALSE
"3312",TRUE
"3313",TRUE
"3314",TRUE
"3315",FALSE
"3316",TRUE
"3317",TRUE
"3318",FALSE
"3319",TRUE
"3320",FALSE
"3321",FALSE
"3322",FALSE
"3323",FALSE
"3324",TRUE
"3325",TRUE
"3326",FALSE
"3327",FALSE
"3328",TRUE
"3329",FALSE
"3330",FALSE
"3331",FALSE
"3332",FALSE
"3333",TRUE
"3334",TRUE
"3335",FALSE
"3336",TRUE
"3337",TRUE
"3338",TRUE
"3339",FALSE
"3340",FALSE
"3341",FALSE
"3342",FALSE
"3343",FALSE
"3344",TRUE
"3345",TRUE
"3346",FALSE
"3347",FALSE
"3348",FALSE
"3349",FALSE
"3350",FALSE
"3351",TRUE
"3352",TRUE
"3353",FALSE
"3354",FALSE
"3355",FALSE
"3356",TRUE
"3357",TRUE
"3358",FALSE
"3359",TRUE
"3360",TRUE
"3361",TRUE
"3362",FALSE
"3363",TRUE
"3364",FALSE
"3365",TRUE
"3366",FALSE
"3367",TRUE
"3368",FALSE
"3369",FALSE
"3370",TRUE
"3371",FALSE
"3372",TRUE
"3373",FALSE
"3374",FALSE
"3375",TRUE
"3376",TRUE
"3377",FALSE
"3378",TRUE
"3379",FALSE
"3380",TRUE
"3381",TRUE
"3382",TRUE
"3383",TRUE
"3384",FALSE
"3385",FALSE
"3386",FALSE
"3387",TRUE
"3388",FALSE
"3389",FALSE
"3390",TRUE
"3391",FALSE
"3392",FALSE
"3393",FALSE
"3394",TRUE
"3395",TRUE
"3396",FALSE
"3397",TRUE
"3398",TRUE
"3399",TRUE
"3400",FALSE
"3401",FALSE
"3402",FALSE
"3403",TRUE
"3404",TRUE
"3405",FALSE
"3406",FALSE
"3407",FALSE
"3408",TRUE
"3409",FALSE
"3410",FALSE
"3411",TRUE
"3412",TRUE
"3413",FALSE
"3414",FALSE
"3415",FALSE
"3416",TRUE
"3417",TRUE
"3418",TRUE
"3419",FALSE
"3420",FALSE
"3421",FALSE
"3422",FALSE
"3423",TRUE
"3424",FALSE
"3425",FALSE
"3426",FALSE
"3427",TRUE
"3428",FALSE
"3429",FALSE
"3430",TRUE
"3431",TRUE
"3432",FALSE
"3433",TRUE
"3434",TRUE
"3435",FALSE
"3436",TRUE
"3437",TRUE
"3438",TRUE
"3439",FALSE
"3440",FALSE
"3441",TRUE
"3442",FALSE
"3443",TRUE
"3444",TRUE
"3445",FALSE
"3446",TRUE
"3447",TRUE
"3448",FALSE
"3449",FALSE
"3450",FALSE
"3451",TRUE
"3452",FALSE
"3453",TRUE
"3454",FALSE
"3455",FALSE
"3456",FALSE
"3457",TRUE
"3458",TRUE
"3459",TRUE
"3460",TRUE
"3461",FALSE
"3462",FALSE
"3463",TRUE
"3464",FALSE
"3465",TRUE
"3466",FALSE
"3467",TRUE
"3468",TRUE
"3469",FALSE
"3470",FALSE
"3471",TRUE
"3472",FALSE
"3473",FALSE
"3474",FALSE
"3475",FALSE
"3476",FALSE
"3477",FALSE
"3478",FALSE
"3479",FALSE
"3480",FALSE
"3481",FALSE
"3482",TRUE
"3483",TRUE
"3484",TRUE
"3485",TRUE
"3486",FALSE
"3487",FALSE
"3488",TRUE
"3489",FALSE
"3490",FALSE
"3491",TRUE
"3492",TRUE
"3493",FALSE
"3494",FALSE
"3495",TRUE
"3496",FALSE
"3497",FALSE
"3498",FALSE
"3499",TRUE
"3500",TRUE
"3501",FALSE
"3502",FALSE
"3503",TRUE
"3504",TRUE
"3505",TRUE
"3506",FALSE
"3507",TRUE
"3508",FALSE
"3509",TRUE
"3510",TRUE
"3511",FALSE
"3512",FALSE
"3513",TRUE
"3514",TRUE
"3515",TRUE
"3516",FALSE
"3517",FALSE
"3518",FALSE
"3519",FALSE
"3520",TRUE
"3521",FALSE
"3522",FALSE
"3523",FALSE
"3524",FALSE
"3525",TRUE
"3526",TRUE
"3527",TRUE
"3528",TRUE
"3529",TRUE
"3530",FALSE
"3531",FALSE
"3532",FALSE
"3533",FALSE
"3534",TRUE
"3535",TRUE
"3536",TRUE
"3537",TRUE
"3538",TRUE
"3539",TRUE
"3540",TRUE
"3541",TRUE
"3542",FALSE
"3543",FALSE
"3544",FALSE
"3545",TRUE
"3546",FALSE
"3547",TRUE
"3548",TRUE
"3549",TRUE
"3550",TRUE
"3551",FALSE
"3552",FALSE
"3553",FALSE
"3554",FALSE
"3555",FALSE
"3556",FALSE
"3557",TRUE
"3558",FALSE
"3559",FALSE
"3560",TRUE
"3561",FALSE
"3562",FALSE
"3563",TRUE
"3564",TRUE
"3565",FALSE
"3566",FALSE
"3567",TRUE
"3568",FALSE
"3569",FALSE
"3570",FALSE
"3571",FALSE
"3572",FALSE
"3573",FALSE
"3574",TRUE
"3575",TRUE
"3576",TRUE
"3577",FALSE
"3578",TRUE
"3579",FALSE
"3580",TRUE
"3581",FALSE
"3582",FALSE
"3583",TRUE
"3584",TRUE
"3585",FALSE
"3586",FALSE
"3587",FALSE
"3588",FALSE
"3589",FALSE
"3590",FALSE
"3591",TRUE
"3592",FALSE
"3593",FALSE
"3594",FALSE
"3595",FALSE
"3596",FALSE
"3597",FALSE
"3598",FALSE
"3599",TRUE
"3600",FALSE
"3601",FALSE
"3602",FALSE
"3603",FALSE
"3604",FALSE
"3605",FALSE
"3606",TRUE
"3607",FALSE
"3608",FALSE
"3609",TRUE
"3610",FALSE
"3611",FALSE
"3612",FALSE
"3613",TRUE
"3614",TRUE
"3615",FALSE
"3616",FALSE
"3617",FALSE
"3618",TRUE
"3619",FALSE
"3620",FALSE
"3621",TRUE
"3622",FALSE
"3623",FALSE
"3624",FALSE
"3625",FALSE
"3626",FALSE
"3627",FALSE
"3628",FALSE
"3629",TRUE
"3630",TRUE
"3631",FALSE
"3632",FALSE
"3633",TRUE
"3634",FALSE
"3635",FALSE
"3636",FALSE
"3637",FALSE
"3638",TRUE
"3639",FALSE
"3640",FALSE
"3641",TRUE
"3642",FALSE
"3643",TRUE
"3644",TRUE
"3645",FALSE
"3646",FALSE
"3647",FALSE
"3648",TRUE
"3649",FALSE
"3650",FALSE
"3651",TRUE
"3652",TRUE
"3653",TRUE
"3654",FALSE
"3655",TRUE
"3656",TRUE
"3657",FALSE
"3658",TRUE
"3659",TRUE
"3660",TRUE
"3661",TRUE
"3662",FALSE
"3663",TRUE
"3664",FALSE
"3665",FALSE
"3666",FALSE
"3667",FALSE
"3668",TRUE
"3669",TRUE
"3670",TRUE
"3671",FALSE
"3672",TRUE
"3673",TRUE
"3674",FALSE
"3675",FALSE
"3676",FALSE
"3677",FALSE
"3678",TRUE
"3679",FALSE
"3680",TRUE
"3681",TRUE
"3682",TRUE
"3683",FALSE
"3684",TRUE
"3685",TRUE
"3686",TRUE
"3687",FALSE
"3688",TRUE
"3689",TRUE
"3690",FALSE
"3691",FALSE
"3692",TRUE
"3693",TRUE
"3694",FALSE
"3695",FALSE
"3696",FALSE
"3697",FALSE
"3698",FALSE
"3699",TRUE
"3700",TRUE
"3701",TRUE
"3702",TRUE
"3703",FALSE
"3704",TRUE
"3705",TRUE
"3706",FALSE
"3707",TRUE
"3708",FALSE
"3709",FALSE
"3710",TRUE
"3711",TRUE
"3712",TRUE
"3713",FALSE
"3714",FALSE
"3715",FALSE
"3716",FALSE
"3717",FALSE
"3718",FALSE
"3719",FALSE
"3720",FALSE
"3721",TRUE
"3722",TRUE
"3723",TRUE
"3724",FALSE
"3725",FALSE
"3726",FALSE
"3727",FALSE
"3728",FALSE
"3729",TRUE
"3730",FALSE
"3731",FALSE
"3732",FALSE
"3733",TRUE
"3734",TRUE
"3735",FALSE
"3736",TRUE
"3737",TRUE
"3738",TRUE
"3739",TRUE
"3740",FALSE
"3741",FALSE
"3742",FALSE
"3743",FALSE
"3744",FALSE
"3745",FALSE
"3746",TRUE
"3747",TRUE
"3748",FALSE
"3749",FALSE
"3750",FALSE
"3751",FALSE
"3752",TRUE
"3753",TRUE
"3754",TRUE
"3755",FALSE
"3756",TRUE
"3757",TRUE
"3758",FALSE
"3759",FALSE
"3760",FALSE
"3761",FALSE
"3762",TRUE
"3763",TRUE
"3764",TRUE
"3765",TRUE
"3766",FALSE
"3767",FALSE
"3768",FALSE
"3769",TRUE
"3770",FALSE
"3771",FALSE
"3772",FALSE
"3773",FALSE
"3774",TRUE
"3775",FALSE
"3776",FALSE
"3777",FALSE
"3778",FALSE
"3779",TRUE
"3780",TRUE
"3781",TRUE
"3782",FALSE
"3783",FALSE
"3784",FALSE
"3785",TRUE
"3786",FALSE
"3787",FALSE
"3788",TRUE
"3789",FALSE
"3790",FALSE
"3791",FALSE
"3792",FALSE
"3793",FALSE
"3794",FALSE
"3795",TRUE
"3796",TRUE
"3797",TRUE
"3798",TRUE
"3799",FALSE
"3800",FALSE
"3801",FALSE
"3802",FALSE
"3803",FALSE
"3804",FALSE
"3805",FALSE
"3806",FALSE
"3807",FALSE
"3808",FALSE
"3809",FALSE
"3810",FALSE
"3811",TRUE
"3812",FALSE
"3813",TRUE
"3814",TRUE
"3815",TRUE
"3816",FALSE
"3817",FALSE
"3818",FALSE
"3819",TRUE
"3820",TRUE
"3821",FALSE
"3822",FALSE
"3823",TRUE
"3824",TRUE
"3825",TRUE
"3826",TRUE
"3827",FALSE
"3828",FALSE
"3829",TRUE
"3830",FALSE
"3831",FALSE
"3832",FALSE
"3833",FALSE
"3834",FALSE
"3835",TRUE
"3836",FALSE
"3837",TRUE
"3838",FALSE
"3839",TRUE
"3840",FALSE
"3841",FALSE
"3842",TRUE
"3843",TRUE
"3844",FALSE
"3845",FALSE
"3846",FALSE
"3847",FALSE
"3848",TRUE
"3849",FALSE
"3850",FALSE
"3851",FALSE
"3852",FALSE
"3853",TRUE
"3854",FALSE
"3855",FALSE
"3856",TRUE
"3857",TRUE
"3858",FALSE
"3859",TRUE
"3860",FALSE
"3861",FALSE
"3862",FALSE
"3863",TRUE
"3864",FALSE
"3865",FALSE
"3866",TRUE
"3867",TRUE
"3868",FALSE
"3869",TRUE
"3870",TRUE
"3871",FALSE
"3872",FALSE
"3873",FALSE
"3874",FALSE
"3875",FALSE
"3876",TRUE
"3877",TRUE
"3878",TRUE
"3879",FALSE
"3880",TRUE
"3881",TRUE
"3882",TRUE
"3883",TRUE
"3884",TRUE
"3885",TRUE
"3886",FALSE
"3887",TRUE
"3888",FALSE
"3889",TRUE
"3890",TRUE
"3891",TRUE
"3892",TRUE
"3893",TRUE
"3894",TRUE
"3895",TRUE
"3896",TRUE
"3897",FALSE
"3898",TRUE
"3899",TRUE
"3900",TRUE
"3901",FALSE
"3902",TRUE
"3903",TRUE
"3904",TRUE
"3905",FALSE
"3906",TRUE
"3907",TRUE
"3908",FALSE
"3909",TRUE
"3910",FALSE
"3911",FALSE
"3912",TRUE
"3913",FALSE
"3914",FALSE
"3915",FALSE
"3916",TRUE
"3917",FALSE
"3918",TRUE
"3919",FALSE
"3920",TRUE
"3921",TRUE
"3922",FALSE
"3923",FALSE
"3924",FALSE
"3925",TRUE
"3926",TRUE
"3927",TRUE
"3928",TRUE
"3929",FALSE
"3930",FALSE
"3931",FALSE
"3932",FALSE
"3933",FALSE
"3934",TRUE
"3935",FALSE
"3936",FALSE
"3937",FALSE
"3938",FALSE
"3939",FALSE
"3940",FALSE
"3941",TRUE
"3942",FALSE
"3943",TRUE
"3944",TRUE
"3945",TRUE
"3946",FALSE
"3947",FALSE
"3948",TRUE
"3949",FALSE
"3950",TRUE
"3951",TRUE
"3952",FALSE
"3953",FALSE
"3954",FALSE
"3955",TRUE
"3956",FALSE
"3957",TRUE
"3958",TRUE
"3959",TRUE
"3960",TRUE
"3961",TRUE
"3962",TRUE
"3963",FALSE
"3964",FALSE
"3965",FALSE
"3966",TRUE
"3967",TRUE
"3968",TRUE
"3969",TRUE
"3970",FALSE
"3971",TRUE
"3972",TRUE
"3973",TRUE
"3974",TRUE
"3975",FALSE
"3976",TRUE
"3977",FALSE
"3978",FALSE
"3979",TRUE
"3980",FALSE
"3981",FALSE
"3982",FALSE
"3983",FALSE
"3984",TRUE
"3985",FALSE
"3986",TRUE
"3987",TRUE
"3988",TRUE
"3989",TRUE
"3990",TRUE
"3991",TRUE
"3992",TRUE
"3993",FALSE
"3994",TRUE
"3995",TRUE
"3996",FALSE
"3997",TRUE
"3998",FALSE
"3999",TRUE
"4000",TRUE
"4001",FALSE
"4002",FALSE
"4003",TRUE
"4004",FALSE
"4005",TRUE
"4006",TRUE
"4007",FALSE
"4008",TRUE
"4009",FALSE
"4010",TRUE
"4011",FALSE
"4012",FALSE
"4013",TRUE
"4014",TRUE
"4015",FALSE
"4016",TRUE
"4017",FALSE
"4018",FALSE
"4019",FALSE
"4020",FALSE
"4021",TRUE
"4022",FALSE
"4023",FALSE
"4024",FALSE
"4025",FALSE
"4026",FALSE
"4027",FALSE
"4028",FALSE
"4029",FALSE
"4030",FALSE
"4031",TRUE
"4032",TRUE
"4033",TRUE
"4034",TRUE
"4035",TRUE
"4036",TRUE
"4037",TRUE
"4038",FALSE
"4039",TRUE
"4040",FALSE
"4041",FALSE
"4042",TRUE
"4043",TRUE
"4044",TRUE
"4045",TRUE
"4046",TRUE
"4047",TRUE
"4048",FALSE
"4049",TRUE
"4050",TRUE
"4051",FALSE
"4052",FALSE
"4053",TRUE
"4054",FALSE
"4055",FALSE
"4056",FALSE
"4057",TRUE
"4058",FALSE
"4059",FALSE
"4060",FALSE
"4061",FALSE
"4062",FALSE
"4063",FALSE
"4064",FALSE
"4065",FALSE
"4066",FALSE
"4067",TRUE
"4068",FALSE
"4069",FALSE
"4070",FALSE
"4071",FALSE
"4072",TRUE
"4073",FALSE
"4074",FALSE
"4075",TRUE
"4076",FALSE
"4077",TRUE
"4078",FALSE
"4079",FALSE
"4080",FALSE
"4081",TRUE
"4082",TRUE
"4083",FALSE
"4084",FALSE
"4085",TRUE
"4086",TRUE
"4087",FALSE
"4088",FALSE
"4089",FALSE
"4090",TRUE
"4091",TRUE
"4092",TRUE
"4093",FALSE
"4094",FALSE
"4095",FALSE
"4096",FALSE
"4097",TRUE
"4098",FALSE
"4099",TRUE
"4100",TRUE
"4101",FALSE
"4102",FALSE
"4103",TRUE
"4104",FALSE
"4105",TRUE
"4106",FALSE
"4107",FALSE
"4108",TRUE
"4109",FALSE
"4110",FALSE
"4111",FALSE
"4112",FALSE
"4113",FALSE
"4114",FALSE
"4115",FALSE
"4116",TRUE
"4117",FALSE
"4118",FALSE
"4119",TRUE
"4120",FALSE
"4121",TRUE
"4122",FALSE
"4123",FALSE
"4124",FALSE
"4125",FALSE
"4126",TRUE
"4127",TRUE
"4128",TRUE
"4129",FALSE
"4130",TRUE
"4131",TRUE
"4132",FALSE
"4133",FALSE
"4134",FALSE
"4135",FALSE
"4136",FALSE
"4137",FALSE
"4138",FALSE
"4139",TRUE
"4140",TRUE
"4141",TRUE
"4142",FALSE
"4143",TRUE
"4144",TRUE
"4145",FALSE
"4146",TRUE
"4147",FALSE
"4148",FALSE
"4149",FALSE
"4150",FALSE
"4151",FALSE
"4152",TRUE
"4153",FALSE
"4154",FALSE
"4155",TRUE
"4156",FALSE
"4157",TRUE
"4158",FALSE
"4159",TRUE
"4160",TRUE
"4161",FALSE
"4162",FALSE
"4163",FALSE
"4164",TRUE
"4165",TRUE
"4166",TRUE
"4167",FALSE
"4168",FALSE
"4169",TRUE
"4170",FALSE
"4171",FALSE
"4172",TRUE
"4173",TRUE
"4174",FALSE
"4175",TRUE
"4176",TRUE
"4177",FALSE
"4178",TRUE
"4179",TRUE
"4180",FALSE
"4181",TRUE
"4182",TRUE
"4183",TRUE
"4184",TRUE
"4185",FALSE
"4186",TRUE
"4187",FALSE
"4188",FALSE
"4189",TRUE
"4190",TRUE
"4191",FALSE
"4192",TRUE
"4193",FALSE
"4194",TRUE
"4195",FALSE
"4196",FALSE
"4197",FALSE
"4198",FALSE
"4199",FALSE
"4200",TRUE
"4201",FALSE
"4202",FALSE
"4203",TRUE
"4204",TRUE
"4205",FALSE
"4206",TRUE
"4207",FALSE
"4208",TRUE
"4209",TRUE
"4210",FALSE
"4211",FALSE
"4212",FALSE
"4213",TRUE
"4214",FALSE
"4215",TRUE
"4216",TRUE
"4217",FALSE
"4218",FALSE
"4219",FALSE
"4220",TRUE
"4221",TRUE
"4222",TRUE
"4223",TRUE
"4224",TRUE
"4225",TRUE
"4226",FALSE
"4227",TRUE
"4228",TRUE
"4229",FALSE
"4230",TRUE
"4231",TRUE
"4232",TRUE
"4233",TRUE
"4234",FALSE
"4235",TRUE
"4236",FALSE
"4237",TRUE
"4238",TRUE
"4239",TRUE
"4240",TRUE
"4241",FALSE
"4242",FALSE
"4243",TRUE
"4244",TRUE
"4245",TRUE
"4246",TRUE
"4247",FALSE
"4248",TRUE
"4249",FALSE
"4250",TRUE
"4251",TRUE
"4252",FALSE
"4253",TRUE
"4254",TRUE
"4255",FALSE
"4256",FALSE
"4257",TRUE
"4258",FALSE
"4259",FALSE
"4260",TRUE
"4261",TRUE
"4262",FALSE
"4263",TRUE
"4264",FALSE
"4265",TRUE
"4266",FALSE
"4267",FALSE
"4268",FALSE
"4269",TRUE
"4270",TRUE
"4271",FALSE
"4272",FALSE
"4273",FALSE
"4274",TRUE
"4275",TRUE
"4276",FALSE
"4277",FALSE
"4278",TRUE
"4279",TRUE
"4280",TRUE
"4281",TRUE
"4282",TRUE
"4283",FALSE
"4284",FALSE
"4285",FALSE
"4286",TRUE
"4287",FALSE
"4288",TRUE
"4289",FALSE
"4290",TRUE
"4291",FALSE
"4292",TRUE
"4293",TRUE
"4294",FALSE
"4295",FALSE
"4296",TRUE
"4297",TRUE
"4298",TRUE
"4299",FALSE
"4300",TRUE
"4301",FALSE
"4302",TRUE
"4303",TRUE
"4304",FALSE
"4305",FALSE
"4306",FALSE
"4307",TRUE
"4308",TRUE
"4309",FALSE
"4310",FALSE
"4311",TRUE
"4312",TRUE
"4313",FALSE
"4314",TRUE
"4315",TRUE
"4316",FALSE
"4317",TRUE
"4318",FALSE
"4319",FALSE
"4320",FALSE
"4321",TRUE
"4322",TRUE
"4323",FALSE
"4324",FALSE
"4325",TRUE
"4326",FALSE
"4327",FALSE
"4328",TRUE
"4329",FALSE
"4330",FALSE
"4331",FALSE
"4332",FALSE
"4333",TRUE
"4334",FALSE
"4335",TRUE
"4336",FALSE
"4337",TRUE
"4338",FALSE
"4339",FALSE
"4340",TRUE
"4341",FALSE
"4342",TRUE
"4343",TRUE
"4344",TRUE
"4345",FALSE
"4346",FALSE
"4347",FALSE
